-- phpMyAdmin SQL Dump
-- version 4.7.4
-- https://www.phpmyadmin.net/
--
-- Host: 127.0.0.1
-- Generation Time: 2019-11-20 05:13:11
-- 服务器版本： 10.1.28-MariaDB
-- PHP Version: 5.6.32

SET SQL_MODE = "NO_AUTO_VALUE_ON_ZERO";
SET AUTOCOMMIT = 0;
START TRANSACTION;
SET time_zone = "+00:00";


/*!40101 SET @OLD_CHARACTER_SET_CLIENT=@@CHARACTER_SET_CLIENT */;
/*!40101 SET @OLD_CHARACTER_SET_RESULTS=@@CHARACTER_SET_RESULTS */;
/*!40101 SET @OLD_COLLATION_CONNECTION=@@COLLATION_CONNECTION */;
/*!40101 SET NAMES utf8mb4 */;

--
-- Database: `xz`
--
CREATE DATABASE IF NOT EXISTS `weiduomei` DEFAULT CHARACTER SET utf8 COLLATE utf8_general_ci;
USE `weiduomei`;

-- --------------------------------------------------------
--
-- 表的结构 `xz_index_product`
--

DROP TABLE IF EXISTS `weiduomei_cake_product`;
CREATE TABLE `weiduomei_cake_product` (
  `pid` int(11) NOT NULL,
  `pic` varchar(128) DEFAULT NULL,
  `title` varchar(64) DEFAULT NULL,
  `details` varchar(128) DEFAULT NULL,
  `price` decimal(10,2) DEFAULT NULL,
  `type` varchar(128) DEFAULT NULL,
  
) ENGINE=InnoDB DEFAULT CHARSET=utf8;

--
-- 插入之前先把表清空（truncate） `xz_index_product`
--

TRUNCATE TABLE `weiduomei_cake_product`;
--
-- 转存表中的数据 `xz_index_product`
--

INSERT INTO `weiduomei_cake_product` (`pid`, `pic`, `title`, `details`, `price`, `type`) VALUES
(1, '小恐龙蛋糕 Dinosaur Cake', '/在侏罗纪公园中，去探索，去冒险，去发掘100%使用进口天然稀奶油的美味所在/', 'http://static.wdmcake.cn/images/201907/goods_img/2251_G_1563836876690.jpg', '208', '/Φ15cm原味蛋糕杂果夹心'),
(2, '提拉米苏蛋糕 Tiramisu', '/100%使用进口干酪与100%使用进口天然稀奶油搭配一起，使得意式风情的甜蜜时光更是浪漫/', 'http://static.wdmcake.cn/images/201910/goods_img/2266_G_1570507370053.jpg', '208', '/Φ20cm 提拉米苏慕斯蛋糕 无水果夹心'),
(3, '粉色少女蛋糕', '/100%使用进口天然稀奶油/', 'http://static.wdmcake.cn/images/202007/goods_img/2258_G_1594595945579.jpg', '188', '/Φ15cm 原味蛋糕 杂果夹心'),
(4, '华尔兹蛋糕 Waltz Almond', '/100%使用进口天然稀奶油；搭配进口扁桃仁片/', 'http://static.wdmcake.cn/images/201910/goods_img/2263_G_1570502358595.jpg', '178', '/Φ15cm原味蛋糕杂果夹心'),
(5, '经典黑森林蛋糕 Classic Black Forest Cake', '/100%使用进口天然稀奶油，与樱桃层层融合/', 'http://static.wdmcake.cn/images/201910/goods_img/2264_G_1570504882701.jpg', '178', '/Φ15cm 巧克力味蛋糕 黑樱桃夹心'),
(6, '北极熊蛋糕 Polar Bears Cake', '/置身于北极熊的冰雪童话之中，在唇齿间感受100%使用进口天然稀奶油的香醇，甜蜜在心中化开/', 'http://static.wdmcake.cn/images/201907/goods_img/2248_G_1563839051246.jpg', '178', '/Φ15cm原味蛋糕杂果夹心'),
(7, '草莓公主蛋糕 Strawberry Princess Cake', '/娇艳欲滴草莓公主，在100%使用天然稀奶油的陪衬下鲜美无比，似乎每个人都想咬上一口/', 'http://static.wdmcake.cn/images/201910/goods_img/2256_G_1570498400100.jpg', '188', '/Φ15cm原味蛋糕 杂果夹心
'),
(8, '经典100%蛋糕 Classical Natural Cream', '/100%使用进口天然稀奶油；奶油丰富，简约时尚，享受经典原味/', 'http://static.wdmcake.cn/images/202007/goods_img/2261_G_1594590569763.jpg', '178', '/Φ15cm原味蛋糕杂果夹心'),
(9, '大黑爱小白蛋糕 Cute Pink Cream Cake', '/大黑的世界，只有小白能懂，甜蜜的童话在100%使用天然稀奶油的保护下更是多彩缤纷/', 'http://static.wdmcake.cn/images/201911/goods_img/2277_G_1574897116940.jpg', '208', '/Φ15cm 原味蛋糕 杂果夹心'),
(10, '缤纷盛果蛋糕 Profusion Fruit', '/100%使用进口天然稀奶油；搭配丰富的水果/', 'http://static.wdmcake.cn/images/201910/goods_img/2262_G_1570496820942.jpg', '188', '/Φ15cm原味蛋糕杂果夹心'),
(11, '巧克力盛宴蛋糕 Chocolate Banguet Cake', '/巧克力奶油天堂，每一口都能尝到巧克力的香甜，每一口都有100%使用进口天然稀奶油的自然味道 /', 'http://static.wdmcake.cn/images/201910/goods_img/2265_G_1570507480866.jpg', '228', '/Φ15cm 巧克力味蛋糕 双色巧克力爆谷米夹心'),
(12, '草莓丝绒蛋糕', '/100%使用进口天然稀奶油/', 'http://static.wdmcake.cn/images/201908/goods_img/2288_G_1567106753014.jpg', '188', '/Φ15cm 原味蛋糕 杂果夹心'),
(13, '仙桃祝寿蛋糕', '/100%使用进口天然稀奶油/', 'http://static.wdmcake.cn/images/201910/goods_img/2290_G_1570506812397.jpg', '228', '/Φ20cm原味蛋糕杂果夹心'),
(14, '芒果派对蛋糕', '/100%使用进口天然稀奶油/', 'http://static.wdmcake.cn/images/201908/goods_img/2260_G_1567106779427.jpg', '188', '/Φ15cm原味蛋糕杂果夹心'),
(15, '雪域森林蛋糕', '/100%使用进口天然稀奶油/', 'http://static.wdmcake.cn/images/201908/goods_img/2275_G_1567106728615.jpg', '228', '/Φ20cm原味蛋糕杂果夹心'),
(16, '小熊芭迪蛋糕', '/100%使用进口天然稀奶油/', 'http://static.wdmcake.cn/images/201908/goods_img/2253_G_1567106828092.jpg', '268', '/Φ15cm 原味蛋糕 双色巧克力爆谷米夹心'),
(17, '富贵天喜蛋糕 Riches&Honour', '/100%使用进口天然稀奶油；福寿绵延，祝寿好礼/', 'http://static.wdmcake.cn/images/201910/goods_img/2270_G_1570501058402.jpg', '228', '/Φ20cm原味蛋糕杂果夹心'),
(18, '福寿绵长蛋糕 Happiness and Longevity', '/100%使用进口天然稀奶油的长寿祝福，绵延整个南山/', 'http://static.wdmcake.cn/images/201910/goods_img/2274_G_1570579399078.jpg', '228', '/Φ20cm原味蛋糕杂果夹心'),
(19, '双层北极熊蛋糕 Polar Bears Cake', '/憨态可掬的北极熊，相互交流着各自的探险经历和欢乐趣事，你一句、我一句，场面热闹非凡/', 'http://static.wdmcake.cn/images/201907/goods_img/2252_G_1563839248366.jpg', '498', '/Φ15cm+Φ25cm原味蛋糕杂果夹心'),
(20, '轻柔芝士蛋糕 Light Cheese', '/100%使用进口干酪的轻柔，表达着赤诚的真心，感动你我/', 'http://static.wdmcake.cn/images/201907/goods_img/2252_G_1563839248366.jpg', '228', '/Φ18cm 乳酪蛋糕 无水果夹心'),
(21, '童梦奇缘蛋糕 Childhood Dream', '/孩子们都有个游乐园般的欢乐梦想，就是被100%使用进口天然稀奶油做成的礼物包围。（产品以实物为准）/', 'http://static.wdmcake.cn/images/201910/goods_img/2276_G_1570507963155.jpg', '198', '/Φ15cm原味蛋糕杂果夹心'),
(22, '聚福蛋糕', '/呆萌兔儿的梦想很简单，就是吃口100%使用进口天然稀奶油的香甜/', 'http://static.wdmcake.cn/images/201910/goods_img/2269_G_1570506031512.jpg', '498', '/Φ15cm+Φ25cm原味蛋糕杂果夹心'),
(23, '萌萌兔蛋糕 Cute Rabbit', '/呆萌兔儿的梦想很简单，就是吃口100%使用进口天然稀奶油的香甜/', 'http://static.wdmcake.cn/images/202007/goods_img/2272_G_1594596050683.jpg', '198', '/Φ15cm原味蛋糕杂果夹心'),
(24, '森林狂想曲蛋糕 Chocolate and Cherry & Berry', '/100%使用进口天然稀奶油，简单时尚的“裸”蛋糕 /', 'http://static.wdmcake.cn/images/202007/goods_img/2268_G_1594593362509.jpg', '188', '/Φ13cm巧克力味蛋糕黑樱桃夹心'),
(25, '咩咩羊蛋糕 Sheep Almond', '/小羊的聪明才智来源于不断地尝试，不断地创新，不断地发掘100%使用进口天然稀奶油的美味所在/', 'http://static.wdmcake.cn/images/201910/goods_img/2271_G_1570506874022.jpg', '188', '/Φ15cm原味蛋糕杂果夹心'),
(26, '花漾蛋糕', '/选用法国或英国天然稀奶油；奶油丰富，享受经典原味/', 'http://static.wdmcake.cn/images/201910/goods_img/2273_G_1570501535205.jpg', '248', '/Φ20cm 原味蛋糕 杂果夹心'),
(27, '爱的花语蛋糕', '/100%使用进口天然稀奶油/', 'http://static.wdmcake.cn/images/201908/goods_img/2289_G_1567106636544.jpg', '188', '/Φ15cm原味蛋糕杂果夹心'),
(28, '芝士小狮子蛋糕', '/100%使用进口天然稀奶油/', 'http://static.wdmcake.cn/images/201908/goods_img/2257_G_1567106804086.jpg', '308', '/Φ23cm 乳酪蛋糕 无水果夹心'),
(29, '草莓甜心蛋糕', '/100%使用进口天然稀奶油/', 'http://static.wdmcake.cn/images/201908/goods_img/2259_G_1567106691211.jpg', '188', '/Φ15cm原味蛋糕杂果夹心'),
(30, '可可天使蛋糕', '/100%使用进口天然稀奶油/', 'http://static.wdmcake.cn/images/201908/goods_img/2287_G_1567106664599.jpg', '188', '/Φ15cm原味蛋糕杂果夹心'),
(31, '福寿延年 Happiness And Longevity', '/100%使用进口天然稀奶油，多桃多寿/', 'http://static.wdmcake.cn/images/201910/goods_img/2368_G_1570555395375.jpg', '1299', '/3层 原味蛋糕 杂果夹心'),
(32, '盛宴 Grand Banquet', '/时尚风行的杯子蛋糕/', 'http://static.wdmcake.cn/images/201910/goods_img/2369_G_1570555198925.jpg', '599', '/4层 原味蛋糕 杂果夹心'),
(33, '挚爱一生蛋糕 Love You Lifetime', '/挚爱一生，见证此刻幸福，天然奶油的甜蜜祝福，由味道铭记/', 'http://static.wdmcake.cn/images/201910/goods_img/2336_G_1570555639441.jpg', '1299', '/3层 原味蛋糕 杂果夹心');

-- --------------------------------------------------------

--
-- 表的结构 `xz_laptop`
--

DROP TABLE IF EXISTS `xz_laptop`;
CREATE TABLE `xz_laptop` (
  `lid` int(11) NOT NULL,
  `family_id` int(11) DEFAULT NULL,
  `title` varchar(128) DEFAULT NULL,
  `subtitle` varchar(128) DEFAULT NULL,
  `price` decimal(10,2) DEFAULT NULL,
  `promise` varchar(64) DEFAULT NULL,
  `spec` varchar(64) DEFAULT NULL,
  `lname` varchar(32) DEFAULT NULL,
  `os` varchar(32) DEFAULT NULL,
  `memory` varchar(32) DEFAULT NULL,
  `resolution` varchar(32) DEFAULT NULL,
  `video_card` varchar(32) DEFAULT NULL,
  `cpu` varchar(32) DEFAULT NULL,
  `video_memory` varchar(32) DEFAULT NULL,
  `category` varchar(32) DEFAULT NULL,
  `disk` varchar(32) DEFAULT NULL,
  `details` varchar(1024) DEFAULT NULL,
  `shelf_time` bigint(20) DEFAULT NULL,
  `sold_count` int(11) DEFAULT NULL,
  `is_onsale` tinyint(1) DEFAULT NULL
) ENGINE=InnoDB DEFAULT CHARSET=utf8;

--
-- 插入之前先把表清空（truncate） `xz_laptop`
--

TRUNCATE TABLE `xz_laptop`;
--
-- 转存表中的数据 `xz_laptop`
--

INSERT INTO `xz_laptop` (`lid`, `family_id`, `title`, `subtitle`, `price`, `promise`, `spec`, `lname`, `os`, `memory`, `resolution`, `video_card`, `cpu`, `video_memory`, `category`, `disk`, `details`, `shelf_time`, `sold_count`, `is_onsale`) VALUES
(1, 1, 'Apple MacBook Air 13.3英寸笔记本 银色(Core i5 处理器/8GB内存/128GB SSD闪存 MMGF2CH/A)', '5月焕新季，领券买新机！神券满6000减600！一体成型金属机身，纤薄轻巧，长达12小时续航', '6988.00', '*退货补运费 *30天无忧退货 *48小时快速退款 *72小时发货', '双核i5/8GB内存/128GB闪存', 'AppleMacBook Air', 'MacOS', '8G', '1920*1080', '集成显卡', 'Intel i5低功耗版', '其它', '轻薄本', '128G固态', '<div class=\"content_tpl\"> <div class=\"formwork\">   <div class=\"formwork_img\"><br></div><div class=\"formwork_img\">    <img alt=\"\" class=\"\" src=\"img/product/detail/57b15612N81dc489d.jpg\">   </div>  </div>  <div class=\"formwork\">   <div class=\"formwork_img\">    <img alt=\"\" class=\"\" src=\"//img20.360buyimg.com/vc/jfs/t2683/60/4222930118/169462/233c7678/57b15616N1e285f09.jpg\">   </div>  </div>  <div class=\"formwork\">   <div class=\"formwork_text\">    技术规格请前往 www.apple.com/cn/macbook-air/specs.html 查看完整内容。</div></div></div>', 150123456789, 2968, 1),
(2, 1, 'Apple MacBook Air 13.3英寸笔记本 银色(Core i5 处理器/8GB内存/256GB SSD闪存 MMGG2CH/A)', '5月焕新季，领券买新机！神券满8000减800！一体成型金属机身，纤薄轻巧，长达12小时续航', '8268.00', '*退货补运费 *30天无忧退货 *48小时快速退款 *72小时发货', '双核i5/8GB内存/256GB闪存', 'AppleMacBook Air', 'MacOS', '8G', '1920*1080', '集成显卡', 'Intel i5低功耗版', '其它', '轻薄本', '256G固态', '<div class=\"content_tpl\"> <div class=\"formwork\">   <div class=\"formwork_img\"><br></div><div class=\"formwork_img\">    <img alt=\"\" class=\"\" src=\"img/product/detail/57b15612N81dc489d.jpg\">   </div>  </div>  <div class=\"formwork\">   <div class=\"formwork_img\">    <img alt=\"\" class=\"\" src=\"//img20.360buyimg.com/vc/jfs/t2683/60/4222930118/169462/233c7678/57b15616N1e285f09.jpg\">   </div>  </div>  <div class=\"formwork\">   <div class=\"formwork_text\">    技术规格请前往 www.apple.com/cn/macbook-air/specs.html 查看完整内容。</div></div></div>', 150223456789, 1922, 0),
(3, 1, 'Apple MacBook Air 13.3英寸笔记本电脑 银色(Core i7 处理器/8GB内存/128GB SSD闪存 Z0TA0002L)', 'i7处理器在此！依旧纤薄轻盈，续航持久，能胜任更多高强度工作，办公利器！', '7488.00', '*退货补运费 *30天无忧退货 *48小时快速退款 *72小时发货', '定制款：双核i7/8G内存/128G闪存', 'AppleMacBook Air', 'MacOS', '8G', '1920*1080', '集成显卡', 'Intel i7低功耗版', '其它', '轻薄本', '128G固态', '<div class=\"content_tpl\"><div class=\"formwork\"><div class=\"formwork_img\"><img class=\"\" src=\"//img20.360buyimg.com/vc/jfs/t3034/151/748569500/226790/d6cd86a2/57b15612N81dc489d.jpg\"></div></div><div class=\"formwork\"><div class=\"formwork_img\"><img class=\"\" src=\"//img20.360buyimg.com/vc/jfs/t2683/60/4222930118/169462/233c7678/57b15616N1e285f09.jpg\"></div></div><div class=\"formwork\"><div class=\"formwork_text\">技术规格 请前往 www.apple.com/cn/macbook-air/specs.html 查看完整内容。</div></div></div>', 150323456789, 733, 0),
(4, 1, 'Apple MacBook Air 13.3英寸笔记本电脑 银色(Core i7 处理器/8GB内存/256GB SSD闪存 Z0TA0002L)', 'i7处理器在此！依旧纤薄轻盈，续航持久，能胜任更多高强度工作，办公利器！', '7888.00', '*退货补运费 *30天无忧退货 *48小时快速退款 *72小时发货', '定制款：双核i7/8G内存/256G闪存', 'AppleMacBook Air', 'MacOS', '8G', '1920*1080', '集成显卡', 'Intel i7低功耗版', '其它', '轻薄本', '256G固态', '<div class=\"content_tpl\"><div class=\"formwork\"><div class=\"formwork_img\"><img class=\"\" src=\"//img20.360buyimg.com/vc/jfs/t3034/151/748569500/226790/d6cd86a2/57b15612N81dc489d.jpg\"></div></div><div class=\"formwork\"><div class=\"formwork_img\"><img class=\"\" src=\"//img20.360buyimg.com/vc/jfs/t2683/60/4222930118/169462/233c7678/57b15616N1e285f09.jpg\"></div></div><div class=\"formwork\"><div class=\"formwork_text\">技术规格 请前往 www.apple.com/cn/macbook-air/specs.html 查看完整内容。</div></div></div>', 150323456789, 105, 0),
(5, 2, '小米(MI)Air 13.3英寸全金属超轻薄笔记本(i5-6200U 8G 256G PCIE固态 940MX独显 FHD WIN10)银', '【i5 独立显卡】全高清窄边框 8G内存 256G固态硬盘 支持SSD硬盘扩容 薄至14.8mm 轻至1.28kg！AKG扬声器！', '4999.00', '*退货补运费 *30天无忧退货 *48小时快速退款 *72小时发货', '【13.3英寸】I5-6200U 8G 256G', '小米Air', 'Windows 10', '8G', '全高清屏(1920*1080)', '入门级游戏独立显卡', 'Intel i5低功耗版', '1G', '轻薄本', '256G固态', '<div class=\"content_tpl\"><div class=\"formwork\"><div class=\"formwork_img\"><img class=\"\" src=\"img/product/detail/5886e317Nbc52a580.jpg\"></div></div><div class=\"formwork\"><div class=\"formwork_img\"><img class=\"\" src=\"img/product/detail/586f747eNfdc5f737.jpg\"></div></div><div class=\"formwork\"><div class=\"formwork_img\"><img class=\"\" src=\"img/product/detail/586f7483N695168a2.jpg\"></div></div><div class=\"formwork\"><div class=\"formwork_img\"><img class=\"\" src=\"img/product/detail/586f7486Nf809b915.jpg\"></div></div><div class=\"formwork\"><div class=\"formwork_img\"><img class=\"\" src=\"img/product/detail/586f748bN28dbcbb2.jpg\"></div></div><div class=\"formwork\"><div class=\"formwork_img\"><img class=\"\" src=\"img/product/detail/586f748fNd2861229.jpg\"></div></div><div class=\"formwork\"><div class=\"formwork_img\"><img class=\"\" src=\"img/product/detail/586f7493N5a3758af.jpg\"></div></div><div class=\"formwork\"><div class=\"formwork_img\"><img class=\"\" src=\"img/product/detail/586f7497N20aac53e.jpg\"></div></div><div class=\"formwork\"><div clas', 154123456789, 1527, 1),
(6, 2, '小米(MI)Air 12.5英寸全金属超轻薄笔记本(Core M-7Y30 4G 128G固态硬盘 全高清屏 背光键盘 Win10)银', '【FHD窄边框】第七代处理器 128G SSD支持M.2接口SSD硬盘扩容 薄至12.9mm 轻至1.07kg！AKG扬声器！', '3599.00', '*退货补运费 *30天无忧退货 *48小时快速退款 *72小时发货', '【12.5银色】 M-7Y30 4G 128G', '小米Air', 'Windows 10', '4G', '全高清屏(1920*1080)', '集成显卡', 'Intel CoreM', '其它', '轻薄本', '128G固态', '<div class=\"content_tpl\"><div class=\"formwork\"><div class=\"formwork_img\"><img class=\"\" src=\"img/product/detail/5886e317Nbc52a580.jpg\"></div></div><div class=\"formwork\"><div class=\"formwork_img\"><img class=\"\" src=\"img/product/detail/586f747eNfdc5f737.jpg\"></div></div><div class=\"formwork\"><div class=\"formwork_img\"><img class=\"\" src=\"img/product/detail/586f7483N695168a2.jpg\"></div></div><div class=\"formwork\"><div class=\"formwork_img\"><img class=\"\" src=\"img/product/detail/586f7486Nf809b915.jpg\"></div></div><div class=\"formwork\"><div class=\"formwork_img\"><img class=\"\" src=\"img/product/detail/586f748bN28dbcbb2.jpg\"></div></div><div class=\"formwork\"><div class=\"formwork_img\"><img class=\"\" src=\"img/product/detail/586f748fNd2861229.jpg\"></div></div><div class=\"formwork\"><div class=\"formwork_img\"><img class=\"\" src=\"img/product/detail/586f7493N5a3758af.jpg\"></div></div><div class=\"formwork\"><div class=\"formwork_img\"><img class=\"\" src=\"img/product/detail/586f7497N20aac53e.jpg\"></div></div><div class=\"formwork\"><div clas', 153123456789, 115, 0),
(7, 2, '小米(MI)Air 12.5英寸全金属超轻薄笔记本(Core M-7Y30 4G 128G固态硬盘 全高清屏 背光键盘 Win10)金', '【FHD窄边框】第七代处理器 128G SSD支持M.2接口SSD硬盘扩容 薄至12.9mm 轻至1.07kg！AKG扬声器！', '3599.00', '*退货补运费 *30天无忧退货 *48小时快速退款 *72小时发货', '【12.5金色】 M-7Y30 4G 128G', '小米Air', 'Windows 10', '4G', '全高清屏(1920*1080)', '集成显卡', 'Intel CoreM', '其它', '轻薄本', '128G固态', '<div class=\"content_tpl\"><div class=\"formwork\"><div class=\"formwork_img\"><img class=\"\" src=\"img/product/detail/5886e317Nbc52a580.jpg\"></div></div><div class=\"formwork\"><div class=\"formwork_img\"><img class=\"\" src=\"img/product/detail/586f747eNfdc5f737.jpg\"></div></div><div class=\"formwork\"><div class=\"formwork_img\"><img class=\"\" src=\"img/product/detail/586f7483N695168a2.jpg\"></div></div><div class=\"formwork\"><div class=\"formwork_img\"><img class=\"\" src=\"img/product/detail/586f7486Nf809b915.jpg\"></div></div><div class=\"formwork\"><div class=\"formwork_img\"><img class=\"\" src=\"img/product/detail/586f748bN28dbcbb2.jpg\"></div></div><div class=\"formwork\"><div class=\"formwork_img\"><img class=\"\" src=\"img/product/detail/586f748fNd2861229.jpg\"></div></div><div class=\"formwork\"><div class=\"formwork_img\"><img class=\"\" src=\"img/product/detail/586f7493N5a3758af.jpg\"></div></div><div class=\"formwork\"><div class=\"formwork_img\"><img class=\"\" src=\"img/product/detail/586f7497N20aac53e.jpg\"></div></div><div class=\"formwork\"><div clas', 156123456789, 812, 1),
(8, 2, '小米(MI)Air 12.5英寸全金属超轻薄笔记本(Core M-6Y30 4G 128G SSD固态硬盘 全高清屏 WIN10) 银', '【FHD窄边框】库存紧张 128G固态硬盘 支持M.2接口SSD硬盘扩容 薄至12.9mm 轻至1.07kg！', '3499.00', ' *退货补运费 *30天无忧退货 *48小时快速退款 *72小时发货', '【12.5英寸】M-6Y30 4G 128G', '小米Air', 'Windows 10', '4G', '全高清屏(1920*1080)', '集成显卡', 'Intel CoreM', '其它', '轻薄本', '128G固态', '<div class=\"content_tpl\"><div class=\"formwork\"><div class=\"formwork_img\"><img class=\"\" src=\"img/product/detail/5886e317Nbc52a580.jpg\"></div></div><div class=\"formwork\"><div class=\"formwork_img\"><img class=\"\" src=\"img/product/detail/586f747eNfdc5f737.jpg\"></div></div><div class=\"formwork\"><div class=\"formwork_img\"><img class=\"\" src=\"img/product/detail/586f7483N695168a2.jpg\"></div></div><div class=\"formwork\"><div class=\"formwork_img\"><img class=\"\" src=\"img/product/detail/586f7486Nf809b915.jpg\"></div></div><div class=\"formwork\"><div class=\"formwork_img\"><img class=\"\" src=\"img/product/detail/586f748bN28dbcbb2.jpg\"></div></div><div class=\"formwork\"><div class=\"formwork_img\"><img class=\"\" src=\"img/product/detail/586f748fNd2861229.jpg\"></div></div><div class=\"formwork\"><div class=\"formwork_img\"><img class=\"\" src=\"img/product/detail/586f7493N5a3758af.jpg\"></div></div><div class=\"formwork\"><div class=\"formwork_img\"><img class=\"\" src=\"img/product/detail/586f7497N20aac53e.jpg\"></div></div><div class=\"formwork\"><div clas', 157123456789, 1081, 0),
(9, 3, '联想(ThinkPad)轻薄系列E480c(20H3A00GCD)14英寸笔记本(i3-6006U 4G 500G 2G独显 Win10)黑色', '2017年经典款新！精致小黑！22.3mm轻薄体验，180度开合灵活耐用，高效稳健办公最长可达5小时！', '3499.00', ' *退货补运费 *30天无忧退货 *48小时快速退款', '【E480C-2017新】i3 4G 500G独显', 'ThinkPadE480c', 'Windows10', '4G', '标准屏(1366×768)', '入门级游戏独立显卡', 'Intel i3', '2G', '常规笔记本', '500G', '<div class=\"content_tpl\"><div class=\"formwork\"><div class=\"formwork_img\"><img class=\"\" src=\"img/product/detail/58745160N7de01df6.jpg\"></div></div></div>', 150423456789, 1461, 1),
(10, 3, '联想(ThinkPad)轻薄系列E480c(20H3A000CD)14英寸笔记本(i5-6200U 4G 500G 2G独显 Win10)黑色', '2017年经典款新！精致小黑！22.3mm轻薄体验，180度开合灵活耐用，高效稳健办公最长可达5小时！', '4499.00', ' *退货补运费 *30天无忧退货 *48小时快速退款', '【E480C-2017新】i5 4G 500G', 'ThinkPadE480c', 'Windows10', '4G', '标准屏(1366×768)', '入门级游戏独立显卡', 'Intel i5低功耗版', '2G', '常规笔记本', '500G', '<div class=\"content_tpl\"><div class=\"formwork\"><div class=\"formwork_img\"><img class=\"\" src=\"img/product/detail/58745160N7de01df6.jpg\"></div></div></div>', 151423456789, 733, 0),
(11, 3, '联想(ThinkPad)轻薄系列E480c(20H3A002CD)14英寸笔记本(i5-6200U 4G 256G SSD 2G独显 Win10)黑色', '2017年经典款新！精致小黑！22.3mm轻薄体验，180度开合灵活耐用，高效稳健办公最长可达5小时！', '5399.00', ' *退货补运费 *30天无忧退货 *48小时快速退款', '【E480C-2017新】i5 4G 256GSSD', 'ThinkPadE480c', 'Windows10', '4G', '标准屏(1366×768)', '入门级游戏独立显卡', 'Intel i5低功耗版', '2G', '常规笔记本', '256G固态', '<div class=\"content_tpl\"><div class=\"formwork\"><div class=\"formwork_img\"><img class=\"\" src=\"img/product/detail/58745160N7de01df6.jpg\"></div></div></div>', 152423456789, 913, 1),
(12, 3, '联想(ThinkPad)轻薄系列E480c(20H3A001CD)14英寸笔记本电脑(i5-6200U 8G 256G SSD 2G独显 Win10)黑色', '2017年经典款新！精致小黑！22.3mm轻薄体验，180度开合灵活耐用，高效稳健办公最长可达5小时！', '5999.00', ' *退货补运费 *30天无忧退货 *48小时快速退款', '【E480C-2017新】i5 8G 256GSSD', 'ThinkPadE480c', 'Windows10', '8G', '标准屏(1366×768)', '入门级游戏独立显卡', 'Intel i5低功耗版', '2G', '常规笔记本', '256G固态', '<div class=\"content_tpl\"><div class=\"formwork\"><div class=\"formwork_img\"><img class=\"\" src=\"img/product/detail/58745160N7de01df6.jpg\"></div></div></div>', 153423456789, 112, 0),
(13, 4, '华硕(ASUS)13.3英寸RX310UQ金属超极本 学生 商务手提轻薄便携超薄笔记本电脑 玫瑰金 13.3英寸I3-7100U/4G/128G固态', '【铝镁合金 纯固态 轻至1.45kg 金属超极本 】双尺寸可选', '4299.00', ' *退货补运费 *30天无忧退货 *48小时快速退款 *72小时发货', '13.3英寸I3-7100U/4G/128G固态', '华硕(ASUS)13.3英寸RX310UQ金属超极本 学生 商务', 'Windows 10', '8G', '全高清屏(1920×1080)', '高性能游戏独立显卡', 'Intel i5低功耗版', '2G', '轻薄本', '128G固态', '<div class=\"content_tpl\"><div class=\"formwork\"><div class=\"formwork_img\"><img class=\"\" src=\"img/product/detail/59190fe7N6a9fb112.jpg\"><img class=\"\" src=\"img/product/detail/58d0bfceNc0694135.jpg\"><img class=\"\" src=\"img/product/detail/59143b58N0f24f48d.jpg\"><img class=\"\" src=\"img/product/detail/58f9de03Nd67611dc.jpg\"><img class=\"\" src=\"img/product/detail/58d0bfcbNc96d061c.jpg\"><img class=\"\" src=\"img/product/detail/58d0bfd1Nea212a7a.jpg\"></div></div></div>', 151123456789, 1197, 1),
(14, 4, '华硕(ASUS)13.3英寸RX310UQ金属超极本 学生 商务手提轻薄便携超薄笔记本电脑 玫瑰金 13.3英寸I5/4G/128G固态', '【铝镁合金 纯固态 轻至1.45kg 金属超极本 】双尺寸可选', '4999.00', ' *退货补运费 *30天无忧退货 *48小时快速退款 *72小时发货', '13.3英寸I5/4G/128G固态', '华硕(ASUS)13.3英寸RX310UQ金属超极本 学生 商务', 'Windows 10', '8G', '全高清屏(1920×1080)', '高性能游戏独立显卡', 'Intel i5低功耗版', '2G', '轻薄本', '128G固态', '<div class=\"content_tpl\"><div class=\"formwork\"><div class=\"formwork_img\"><img class=\"\" src=\"img/product/detail/59190fe7N6a9fb112.jpg\"><img class=\"\" src=\"img/product/detail/58d0bfceNc0694135.jpg\"><img class=\"\" src=\"img/product/detail/59143b58N0f24f48d.jpg\"><img class=\"\" src=\"img/product/detail/58f9de03Nd67611dc.jpg\"><img class=\"\" src=\"img/product/detail/58d0bfcbNc96d061c.jpg\"><img class=\"\" src=\"img/product/detail/58d0bfd1Nea212a7a.jpg\"></div></div></div>', 152123456789, 137, 0),
(15, 4, '华硕(ASUS)13.3英寸RX310UQ金属超极本 学生 商务手提轻薄便携超薄笔记本电脑 玫瑰金 13.3英寸I5/4G/256G/2G独显', '【铝镁合金 纯固态 轻至1.45kg 金属超极本 】双尺寸可选', '5499.00', ' *退货补运费 *30天无忧退货 *48小时快速退款 *72小时发货', '13.3英寸I5/4G/256G/2G独显', '华硕(ASUS)13.3英寸RX310UQ金属超极本 学生 商务', 'Windows 10', '4G', '全高清屏(1920×1080)', '高性能游戏独立显卡', 'Intel i5低功耗版', '2G', '轻薄本', '128G固态', '<div class=\"content_tpl\"><div class=\"formwork\"><div class=\"formwork_img\"><img class=\"\" src=\"img/product/detail/59190fe7N6a9fb112.jpg\"><img class=\"\" src=\"img/product/detail/58d0bfceNc0694135.jpg\"><img class=\"\" src=\"img/product/detail/59143b58N0f24f48d.jpg\"><img class=\"\" src=\"img/product/detail/58f9de03Nd67611dc.jpg\"><img class=\"\" src=\"img/product/detail/58d0bfcbNc96d061c.jpg\"><img class=\"\" src=\"img/product/detail/58d0bfd1Nea212a7a.jpg\"></div></div></div>', 153123456789, 21, 0),
(16, 4, '华硕(ASUS)13.3英寸RX310UQ金属超极本 学生 商务手提轻薄便携超薄笔记本电脑 玫瑰金 13.3英寸I5/8G/256G/2G独显', '【铝镁合金 纯固态 轻至1.45kg 金属超极本 】双尺寸可选', '5699.00', ' *退货补运费 *30天无忧退货 *48小时快速退款 *72小时发货', '13.3英寸I5/8G/256G/2G独显', '华硕(ASUS)13.3英寸RX310UQ金属超极本 学生 商务', 'Windows 10', '8G', '全高清屏(1920×1080)', '高性能游戏独立显卡', 'Intel i5低功耗版', '2G', '轻薄本', '128G固态', '<div class=\"content_tpl\"><div class=\"formwork\"><div class=\"formwork_img\"><img class=\"\" src=\"img/product/detail/59190fe7N6a9fb112.jpg\"><img class=\"\" src=\"img/product/detail/58d0bfceNc0694135.jpg\"><img class=\"\" src=\"img/product/detail/59143b58N0f24f48d.jpg\"><img class=\"\" src=\"img/product/detail/58f9de03Nd67611dc.jpg\"><img class=\"\" src=\"img/product/detail/58d0bfcbNc96d061c.jpg\"><img class=\"\" src=\"img/product/detail/58d0bfd1Nea212a7a.jpg\"></div></div></div>', 152423456789, 981, 0),
(17, 5, '联想(Lenovo)小新700电竞版 15.6英寸游戏笔记本电脑(i5-6300HQ 8G 500G+128G SSD GTX950M 4G IPS)黑', '【小新家族2017闪耀换新！晒单得E卡！12期免息！】小新700电竞版！经典之选', '5199.00', ' *退货补运费 *30天无忧退货 *48小时快速退款 *72小时发货', '小新700【i5 双硬盘 GTX950M】', '联想小新700', 'Windows 10', '8G', '分辨率：全高清屏(1920×1080)', 'GTX950M', 'Intel i5标准电压版', '4G', '游戏本', '128G+500G', '<div class=\"content_tpl\"><div class=\"formwork\"><div class=\"formwork_img\"><img class=\"\" src=\"img/product/detail/58ca2b14Nd5c09fcd.jpg\"><img class=\"\" src=\"img/product/detail/58ca2b28Na5a22f83.jpg\"><img class=\"\" src=\"img/product/detail/58ca3012Nc99ab61f.jpg\"><img class=\"\" src=\"img/product/detail/58ca2b51Nbf258c3b.jpg\"><img class=\"\" src=\"img/product/detail/58ca2b67N436e60de.jpg\"></div></div></div>', 149123456789, 192, 1),
(18, 5, '联想(Lenovo)小新700电竞版 15.6英寸游戏笔记本电脑(i7-6700HQ 8G 500G GTX950M 4G FHD IPS Office)黑', '【小新家族2017闪耀换新！晒单得E卡！12期免息！】小新700电竞版！经典之选', '5499.00', ' *退货补运费 *30天无忧退货 *48小时快速退款 *72小时发货', '小新700【i7 8G 500G GTX950M】', '联想小新700', 'Windows 10', '8G', '分辨率：全高清屏(1920×1080)', 'GTX950M', 'Intel i7标准电压版', '4G', '游戏本', '128G+500G', '<div class=\"content_tpl\"><div class=\"formwork\"><div class=\"formwork_img\"><img class=\"\" src=\"img/product/detail/58ca2b14Nd5c09fcd.jpg\"><img class=\"\" src=\"img/product/detail/58ca2b28Na5a22f83.jpg\"><img class=\"\" src=\"img/product/detail/58ca3012Nc99ab61f.jpg\"><img class=\"\" src=\"img/product/detail/58ca2b51Nbf258c3b.jpg\"><img class=\"\" src=\"img/product/detail/58ca2b67N436e60de.jpg\"></div></div></div>', 151523456789, 260, 0),
(19, 6, '戴尔DELL灵越燃7000 R1525S 14.0英寸轻薄窄边框笔记本电脑(i5-7200U 4G 128GSSD+500G 940MX 2G独显 FHD)银', '【轻薄微边框、燃7000】七代i5双核CPU、128GSSD+500G双硬盘、IPS全高清显示屏，动力强劲性能澎湃！', '5299.00', ' *退货补运费 *30天无忧退货 *48小时快速退款 *72小时发货', '【流光银】i5-7200u 4G 128 500G', '戴尔燃7000', 'Windows 10', '4G', '全高清屏(1920×1080)', '入门级游戏独立显卡', 'Intel i5低功耗版', '2G', '轻薄本', '128G+500G', '<div class=\"content_tpl\"><div class=\"formwork\"><div class=\"formwork_img\"><img class=\"\" src=\"img/product/detail/58d87221Na033954c.jpg\"></div></div><div class=\"formwork\"><div class=\"formwork_img\"><img class=\"\" src=\"img/product/detail/58e5e4b5N862f8aa1.jpg\"></div></div><div class=\"formwork\"><div class=\"formwork_img\"><img class=\"\" src=\"img/product/detail/57bfa672N20953b71.jpg\"></div></div></div>', 151923456789, 911, 0),
(20, 6, '戴尔DELL灵越燃7000 R1725G 14.0英寸轻薄窄边框笔记本电脑(i7-7500U 8G 128GSSD+1T 940MX 2G独显 FHD)金', '【轻薄微边框、燃7000】七代i7双核CPU、128GSSD+500G双硬盘、IPS全高清显示屏，动力强劲性能澎湃！', '6599.00', ' *退货补运费 *30天无忧退货 *48小时快速退款 *72小时发货', '【溢彩金】i7-7500u 8G 128 1T', '戴尔燃7000', 'Windows 10', '8G', '全高清屏(1920×1080)', '入门级游戏独立显卡', 'Intel i7低功耗版', '2G', '轻薄本', '128G+500G', '<div class=\"content_tpl\"><div class=\"formwork\"><div class=\"formwork_img\"><img class=\"\" src=\"img/product/detail/58d87221Na033954c.jpg\"></div></div><div class=\"formwork\"><div class=\"formwork_img\"><img class=\"\" src=\"img/product/detail/58e5e4b5N862f8aa1.jpg\"></div></div><div class=\"formwork\"><div class=\"formwork_img\"><img class=\"\" src=\"img/product/detail/57bfa672N20953b71.jpg\"></div></div></div>', 150823456789, 1930, 1),
(21, 6, '戴尔DELL灵越燃7000 R1525P 14.0英寸轻薄窄边框笔记本电脑(i5-7200U 4G 128GSSD+500G 2G独显 FHD)元気粉', '【轻薄微边框、燃7000元気粉】七代i5双核CPU、128GSSD+500G双硬盘、IPS全高清显示屏，动力强劲性能澎湃！', '5299.00', ' *退货补运费 *30天无忧退货 *48小时快速退款 *72小时发货', '【元気粉】i5-7200u 4G 128 500G', '戴尔燃7000', 'Windows 10', '4G', '全高清屏(1920×1080)', '入门级游戏独立显卡', 'Intel i5低功耗版', '2G', '轻薄本', '128G+500G', '<div class=\"content_tpl\"><div class=\"formwork\"><div class=\"formwork_img\"><img class=\"\" src=\"img/product/detail/58d87221Na033954c.jpg\"></div></div><div class=\"formwork\"><div class=\"formwork_img\"><img class=\"\" src=\"img/product/detail/58e5e4b5N862f8aa1.jpg\"></div></div><div class=\"formwork\"><div class=\"formwork_img\"><img class=\"\" src=\"img/product/detail/57bfa672N20953b71.jpg\"></div></div></div>', 151023456789, 987, 1),
(22, 7, '戴尔DELL灵越游匣15PR-5745B 15.6英寸游戏笔记本电脑(i7-7700HQ 8G 128GSSD+1T GTX1050 4G独显 FHD)黑', '【白条6期免息 游匣“10”力出击】七代四核CPU ,GTX1050 4G独显,FHD全高清屏,热血出击！', '6999.00', ' *退货补运费 *30天无忧退货 *48小时快速退款 *72小时发货', '宗师版 i7-7700HQ 8G GTX1050 4G', '戴尔灵越游匣15PR-5745B', 'Windows 10', '8G', '全高清屏(1920×1080)', 'GTX960M', 'Intel i7标准电压版', '4G', '游戏本', '128G+1T', '<div class=\"content_tpl\"><div class=\"formwork\"><div class=\"formwork_img\"><img class=\"\" src=\"img/product/detail/59003d3fNd4e6c74e.jpg\"></div></div><div class=\"formwork\"><div class=\"formwork_img\"><img class=\"\" src=\"img/product/detail/59003d49Nd9aa8623.jpg\"></div></div><div class=\"formwork\"><div class=\"formwork_img\"><img class=\"\" src=\"img/product/detail/59003d53N79717f17.jpg\"></div></div><div class=\"formwork\"><div class=\"formwork_img\"><img class=\"\" src=\"img/product/detail/59003db4N5441df2e.jpg\"></div></div><div class=\"formwork\"><div class=\"formwork_img\"><img class=\"\" src=\"img/product/detail/59003afdN7d9208b8.jpg\"></div></div></div>', 148123456789, 1901, 1),
(23, 7, '戴尔DELL灵越游匣15PR-5645SE 15.6英寸游戏笔记本电脑(i5-7300HQ 8G 128GSSD+1T GTX1050 4G独显 FHD)枪弹版', '游匣枪弹版精装上市 3D立体喷涂画面 机身更酷炫 七代四核CPU ,GTX1050 4G独显,FHD全高清屏,热血出击！', '6699.00', ' *退货补运费 *30天无忧退货 *48小时快速退款 *72小时发货', '枪弹版 i5-7300HQ 8G GTX1050 4G', '戴尔灵越游匣15PR-5645SE', 'Windows 10', '8G', '全高清屏(1920×1080)', 'GTX960M', 'Intel i5标准电压版', '4G', '游戏本', '128G+1T', '<div class=\"content_tpl\"><div class=\"formwork\"><div class=\"formwork_img\"><img class=\"\" src=\"img/product/detail/59003d3fNd4e6c74e.jpg\"></div></div><div class=\"formwork\"><div class=\"formwork_img\"><img class=\"\" src=\"img/product/detail/59003d49Nd9aa8623.jpg\"></div></div><div class=\"formwork\"><div class=\"formwork_img\"><img class=\"\" src=\"img/product/detail/59003d53N79717f17.jpg\"></div></div><div class=\"formwork\"><div class=\"formwork_img\"><img class=\"\" src=\"img/product/detail/59003db4N5441df2e.jpg\"></div></div><div class=\"formwork\"><div class=\"formwork_img\"><img class=\"\" src=\"img/product/detail/59003afdN7d9208b8.jpg\"></div></div></div>', 153123456789, 1231, 0),
(24, 7, '戴尔DELL灵越游匣15PR-5745SE 15.6英寸游戏笔记本电脑(i7-7700HQ 8G 128GSSD+1T GTX1050 4G独显 FHD)枪弹版', '游匣枪弹版精装上市 3D立体喷涂画面 机身更酷炫 七代四核CPU ,GTX1050 4G独显,FHD全高清屏,热血出击！', '7999.00', ' *退货补运费 *30天无忧退货 *48小时快速退款 *72小时发货', '枪弹版 i7-7700HQ 8G GTX1050 4G', '戴尔灵越游匣15PR-5645SE', 'Windows 10', '8G', '全高清屏(1920×1080)', 'GTX960M', 'Intel i7标准电压版', '4G', '游戏本', '128G+1T', '<div class=\"content_tpl\"><div class=\"formwork\"><div class=\"formwork_img\"><img class=\"\" src=\"img/product/detail/59003d3fNd4e6c74e.jpg\"></div></div><div class=\"formwork\"><div class=\"formwork_img\"><img class=\"\" src=\"img/product/detail/59003d49Nd9aa8623.jpg\"></div></div><div class=\"formwork\"><div class=\"formwork_img\"><img class=\"\" src=\"img/product/detail/59003d53N79717f17.jpg\"></div></div><div class=\"formwork\"><div class=\"formwork_img\"><img class=\"\" src=\"img/product/detail/59003db4N5441df2e.jpg\"></div></div><div class=\"formwork\"><div class=\"formwork_img\"><img class=\"\" src=\"img/product/detail/59003afdN7d9208b8.jpg\"></div></div></div>', 1539923456789, 221, 0),
(25, 7, '戴尔DELL灵越游匣15PR-3848B 15.6英寸游戏笔记本电脑(i7-6700HQ 4G 128GSSD+500G GTX960M 4G FHD)黑', '【强力散热保性能】 960M 4G独显 预装128SSD 双硬盘游戏更劲爽 我们比大多数产品 散热好一些', '6099.00', ' *退货补运费 *30天无忧退货 *48小时快速退款 *72小时发货', '精锐版 i7-6700HQ 4G GTX960 4G', '戴尔游匣', 'Windows 10', '4G', '全高清屏(1920×1080)', 'GTX960M', 'Intel i7标准电压版', '4G', '游戏本', '128G+1T', '<div class=\"content_tpl\"><div class=\"formwork\"><div class=\"formwork_img\"><img class=\"\" src=\"img/product/detail/59003d3fNd4e6c74e.jpg\"></div></div><div class=\"formwork\"><div class=\"formwork_img\"><img class=\"\" src=\"img/product/detail/59003d49Nd9aa8623.jpg\"></div></div><div class=\"formwork\"><div class=\"formwork_img\"><img class=\"\" src=\"img/product/detail/59003d53N79717f17.jpg\"></div></div><div class=\"formwork\"><div class=\"formwork_img\"><img class=\"\" src=\"img/product/detail/59003db4N5441df2e.jpg\"></div></div><div class=\"formwork\"><div class=\"formwork_img\"><img class=\"\" src=\"img/product/detail/59003afdN7d9208b8.jpg\"></div></div></div>', 1519123456789, 711, 1),
(26, 7, '戴尔DELL灵越游匣15PR-2648B 15.6英寸游戏笔记本电脑(i5-6300HQ 4G 128SSD+500G GTX960M 4G独显 FHD)黑', '【选游戏本还得看散热】960M 4G独显 预装128SSD 双硬盘游戏更劲爽 ！', '5299.00', ' *退货补运费 *30天无忧退货 *48小时快速退款 *72小时发货', '精锐版 i5-6300HQ 4G GTX960 4G', '戴尔游匣', 'Windows 10', '4G', '全高清屏(1920×1080)', 'GTX960M', 'Intel i5标准电压版', '4G', '游戏本', '128G+1T', '<div class=\"content_tpl\"><div class=\"formwork\"><div class=\"formwork_img\"><img class=\"\" src=\"img/product/detail/59003d3fNd4e6c74e.jpg\"></div></div><div class=\"formwork\"><div class=\"formwork_img\"><img class=\"\" src=\"img/product/detail/59003d49Nd9aa8623.jpg\"></div></div><div class=\"formwork\"><div class=\"formwork_img\"><img class=\"\" src=\"img/product/detail/59003d53N79717f17.jpg\"></div></div><div class=\"formwork\"><div class=\"formwork_img\"><img class=\"\" src=\"img/product/detail/59003db4N5441df2e.jpg\"></div></div><div class=\"formwork\"><div class=\"formwork_img\"><img class=\"\" src=\"img/product/detail/59003afdN7d9208b8.jpg\"></div></div></div>', 1529123456789, 319, 0),
(27, 7, '戴尔DELL灵越游匣15PR-5645B 15.6英寸游戏笔记本电脑(i5-7300HQ 8G 128GSSD+1T GTX1050 4G独显 FHD)黑', '【白条6期免息 游匣“10”力出击】七代四核CPU ,GTX1050 4G独显,FHD全高清屏,热血出击！', '5999.00', ' *退货补运费 *30天无忧退货 *48小时快速退款 *72小时发货', '宗师版 i5-7300HQ 8G GTX1050 4G', '戴尔灵越游匣15PR-5645B', 'Windows 10', '8G', '全高清屏(1920×1080)', 'GTX1050', 'Intel i7标准电压版', '4G', '游戏本', '128G+1T', '<div class=\"content_tpl\"><div class=\"formwork\"><div class=\"formwork_img\"><img class=\"\" src=\"img/product/detail/59003d3fNd4e6c74e.jpg\"></div></div><div class=\"formwork\"><div class=\"formwork_img\"><img class=\"\" src=\"img/product/detail/59003d49Nd9aa8623.jpg\"></div></div><div class=\"formwork\"><div class=\"formwork_img\"><img class=\"\" src=\"img/product/detail/59003d53N79717f17.jpg\"></div></div><div class=\"formwork\"><div class=\"formwork_img\"><img class=\"\" src=\"img/product/detail/59003db4N5441df2e.jpg\"></div></div><div class=\"formwork\"><div class=\"formwork_img\"><img class=\"\" src=\"img/product/detail/59003afdN7d9208b8.jpg\"></div></div></div>', 1511123456789, 2110, 0),
(28, 8, '联想(ThinkPad)轻薄系列E470c(20H3A000CD)14英寸笔记本电脑(i5-6200U 4G 500G 2G独显 Win10)黑色', '点击进入5月大促，超值满千减百品牌周', '3998.00', '*30天无忧退货 *48小时快速退款', '【E470C-2017新】i5 4G 500G', 'ThinkPadE470 c', 'Linux', '4G', '标准屏(1366×768)', '入门级游戏独立显卡', 'Intel i5低功耗版', '2G', '常规本', '500G', '<div class=\"content_tpl\"><div class=\"formwork\"><div class=\"formwork_img\"><img class=\"\" src=\"img/product/detail/58119b8aNb84f1e22.jpg\"></div></div></div>', 150123456789, 117, 1),
(29, 8, '联想(ThinkPad)轻薄系列E470c(20H3A004CD)14英寸笔记本电脑(i5-6200U 8G 500G 2G独显 Win10)黑色', '点击进入5月大促，超值满千减百品牌周', '4699.00', '*30天无忧退货 *48小时快速退款', '【E470C-2017新】i5 8G 500G', 'ThinkPadE470 c', 'Linux', '8G', '标准屏(1366×768)', '入门级游戏独立显卡', 'Intel i5低功耗版', '2G', '常规本', '500G', '<div class=\"content_tpl\"><div class=\"formwork\"><div class=\"formwork_img\"><img class=\"\" src=\"img/product/detail/58119b8aNb84f1e22.jpg\"></div></div></div>', 151123456789, 1862, 0),
(30, 8, '联想(ThinkPad)轻薄系列E470c(20H3A003CD)14英寸笔记本电脑(i5-6200U 8G 1T 2G独显 Win10)黑色', '点击进入5月大促，超值满千减百品牌周', '5499.00', '*30天无忧退货 *48小时快速退款', '【E470C-2017新】i5 8G 1TB', 'ThinkPadE470 c', 'Linux', '8G', '标准屏(1366×768)', '入门级游戏独立显卡', 'Intel i5低功耗版', '2G', '常规本', '1T', '<div class=\"content_tpl\"><div class=\"formwork\"><div class=\"formwork_img\"><img class=\"\" src=\"img/product/detail/58119b8aNb84f1e22.jpg\"></div></div></div>', 152123456789, 812, 1),
(31, 8, '联想(ThinkPad)轻薄系列E470c(20H3A002CD)14英寸笔记本电脑(i5-6200U 4G 256G SSD 2G独显 Win10)黑色', '点击进入5月大促，超值满千减百品牌周', '5399.00', '*30天无忧退货 *48小时快速退款', '【E470C-2017新】i5 4G 256GSSD', 'ThinkPadE470 c', 'Linux', '4G', '标准屏(1366×768)', '入门级游戏独立显卡', 'Intel i5低功耗版', '2G', '常规本', '256G固态', '<div class=\"content_tpl\"><div class=\"formwork\"><div class=\"formwork_img\"><img class=\"\" src=\"img/product/detail/58119b8aNb84f1e22.jpg\"></div></div></div>', 153123456789, 162, 0),
(32, 8, '联想(ThinkPad)轻薄系列E470c(20H3A001CD)14英寸笔记本电脑(i5-6200U 8G 256G SSD 2G独显 Win10)黑色', '点击进入5月大促，超值满千减百品牌周', '5499.00', '*30天无忧退货 *48小时快速退款', '【E470C-2017新】i5 8G 256GSSD', 'ThinkPadE470 c', 'Linux', '8G', '标准屏(1366×768)', '入门级游戏独立显卡', 'Intel i5低功耗版', '2G', '常规本', '256G固态', '<div class=\"content_tpl\"><div class=\"formwork\"><div class=\"formwork_img\"><img class=\"\" src=\"img/product/detail/58119b8aNb84f1e22.jpg\"></div></div></div>', 154123456789, 1180, 0),
(33, 9, '华硕(ASUS)顽石电竞版FH5900 15.6英寸游戏笔记本电脑(i7-6700HQ 4G 1TB +128G SSD NV940MX 2G 独显 FHD)', '顽石血统 标压电竞版 强劲动力带你畅快遨游', '4999.00', ' *退货补运费 *30天无忧退货 *72小时发货', '【高速】顽石游戏本i74G1T128SSD', '华硕FH5900V', 'Windows 10', '4G', '全高清屏(1920*1080)', '入门级游戏独立显卡', 'Intel i7标准电压版', '2G', '游戏本', '128G+1T', '<div class=\"content_tpl\"><div class=\"formwork\"><div class=\"formwork_img\"><img class=\"\" src=\"img/product/detail/583d2fb0N44aa29cf.jpg\"><img class=\"\" src=\"img/product/detail/583d2fd5N33db758b.jpg\"><img class=\"\" src=\"img/product/detail/583d359aN47f3276b.jpg\"><img class=\"\" src=\"img/product/detail/583d3036Nef20d28f.jpg\"><img class=\"\" src=\"img/product/detail/583d304aN4722f8d5.jpg\"></div></div></div>', 1450123456789, 1231, 0),
(34, 9, '华硕(ASUS) 顽石四代尊享版 15.6英寸笔记本电脑(i7-7500U 8G 1TB NV940MX 2G独显 深蓝 FHD )', '第七代i7处理器，8G超大内存与1T硬盘，快无止境、大无止境', '4699.00', ' *退货补运费 *30天无忧退货 *72小时发货', '顽石经典【高配i7 8G 1T 深蓝】', '华硕FL5900UQ', 'Windows 10', '8G', '全高清屏(1920*1080)', '入门级游戏独立显卡', 'Intel i7低功耗版', '2G', '游戏本', '1T', '<div class=\"content_tpl\"><div class=\"formwork\"><div class=\"formwork_img\"><img class=\"\" src=\"img/product/detail/583d2fb0N44aa29cf.jpg\"><img class=\"\" src=\"img/product/detail/583d2fd5N33db758b.jpg\"><img class=\"\" src=\"img/product/detail/583d359aN47f3276b.jpg\"><img class=\"\" src=\"img/product/detail/583d3036Nef20d28f.jpg\"><img class=\"\" src=\"img/product/detail/583d304aN4722f8d5.jpg\"></div></div></div>', 1550123456789, 1231, 1),
(35, 9, '华硕(ASUS) 顽石四代旗舰版FL5900 15.6英寸笔记本电脑(i7-7500U 4G 1TB +128GBSSD NV940MX 深蓝 FHD)', '混合硬盘，1T搭载128G固态，读取速度更快，智能散热不烫手！！', '4999.00', ' *退货补运费 *30天无忧退货 *72小时发货', '顽石双盘【i7 4G 1t加128SSD】', '华硕FL5900UQ', 'Windows 10', '4G', '全高清屏(1920*1080)', '入门级游戏独立显卡', 'Intel i7低功耗版', '2G', '游戏本', '128G+1T', '<div class=\"content_tpl\"><div class=\"formwork\"><div class=\"formwork_img\"><img class=\"\" src=\"img/product/detail/583d2fb0N44aa29cf.jpg\"><img class=\"\" src=\"img/product/detail/583d2fd5N33db758b.jpg\"><img class=\"\" src=\"img/product/detail/583d359aN47f3276b.jpg\"><img class=\"\" src=\"img/product/detail/583d3036Nef20d28f.jpg\"><img class=\"\" src=\"img/product/detail/583d304aN4722f8d5.jpg\"></div></div></div>', 1531023456789, 221, 0),
(36, 9, '华硕(ASUS)顽石四代疾速版 FL5900 15.6英寸笔记本电脑(i7-6500U 4G 512GB SSD NV940M 2G独显 红色)', '【同样配置看主板，搭配华硕主板让您放心，屏幕无坏点保证】办公，游戏无压力！！！', '4799.00', ' *退货补运费 *30天无忧退货 *72小时发货', '顽石高速【i7-4G 512SSD 炫红】', '华硕FL5900U', 'Windows 10', '4G', '全高清屏(1920*1080)', 'GT940M', 'Intel i7低功耗版', '2G', '游戏本', '512G固态', '<div class=\"content_tpl\"><div class=\"formwork\"><div class=\"formwork_img\"><img class=\"\" src=\"img/product/detail/583d2fb0N44aa29cf.jpg\"><img class=\"\" src=\"img/product/detail/583d2fd5N33db758b.jpg\"><img class=\"\" src=\"img/product/detail/583d359aN47f3276b.jpg\"><img class=\"\" src=\"img/product/detail/583d3036Nef20d28f.jpg\"><img class=\"\" src=\"img/product/detail/583d304aN4722f8d5.jpg\"></div></div></div>', 1510123456789, 103, 1),
(37, 9, '华硕(ASUS) 顽石四代疾速版FL5900 15.6英寸笔记本电脑(i7-6500U 4G 512G SSD NV940MX 2G独显 红色 FHD)', '疾速版，就是要你快！512G固态硬盘，第六代i7处理器搭载2G独显！', '4799.00', ' *退货补运费 *30天无忧退货 *72小时发货', '顽石高速【i74G512SSD NV940MX】', '华硕FL5900UQ', 'Windows 10', '4G', '全高清屏(1920*1080)', '入门级游戏独立显卡', 'Intel i7低功耗版', '2G', '游戏本', '512G固态', '<div class=\"content_tpl\"><div class=\"formwork\"><div class=\"formwork_img\"><img class=\"\" src=\"img/product/detail/583d2fb0N44aa29cf.jpg\"><img class=\"\" src=\"img/product/detail/583d2fd5N33db758b.jpg\"><img class=\"\" src=\"img/product/detail/583d359aN47f3276b.jpg\"><img class=\"\" src=\"img/product/detail/583d3036Nef20d28f.jpg\"><img class=\"\" src=\"img/product/detail/583d304aN4722f8d5.jpg\"></div></div></div>', 1450123456789, 341, 0),
(38, 10, '神舟(HASEE)战神Z7M-KP7GT 15.6英寸游戏本笔记本电脑(i7-7700HQ 8G 1T+128G SSD GTX1050Ti 1080P)IPS屏', '超强性价比！！', '6199.00', ' *退货补运费 *30天无忧退货 *48小时快速退款 *72小时发货', 'Z7M GT【i7 128G+1T GTX1050Ti】', '神舟战神Z7M-KP7GT', 'Windows 10', '8G', '全高清屏(1920×1080)', 'GTX1050Ti', 'Intel i7标准电压版', '4G', '游戏本', '128G+1T', '<div class=\"content_tpl\"><div class=\"formwork\"><div class=\"formwork_img\"><img class=\"\" src=\"img/product/detail/58c67b22Ned66fcb8.jpg\"> <img class=\"\" src=\"img/product/detail/58c67b23Nfffc2f8b.jpg\"> <img class=\"\" src=\"img/product/detail/58c67b22N04b18388.jpg\"> <img class=\"\" src=\"img/product/detail/58c67b24N6d5ce71c.jpg\"> <img class=\"\" src=\"img/product/detail/58c67b24Nac3dc074.jpg\"> <img class=\"\" src=\"img/product/detail/58c67b22N8aa1905c.jpg\"> <img class=\"\" src=\"img/product/detail/58c67b24N9aa8a252.jpg\"></div></div></div>', 151123456789, 441, 0),
(39, 10, '神舟(HASEE)战神Z7M-SL7D2 15.6英寸游戏本笔记本电脑(i7-6700HQ 8G 1T+128GB SSD GTX965M 1080P)IPS', '六代i7 SSD GTX965M还预装WIN10，一步到位，你赢了！', '5499.00', ' *退货补运费 *30天无忧退货 *48小时快速退款 *72小时发货', '战神Z7M【四核i7 GTX965M】', '神舟战神Z7M', 'Windows 10', '8G', '全高清屏(1920×1080)', 'GTX965M', 'Intel i7标准电压版', '4G', '游戏本', '128G+1T', '<div class=\"content_tpl\"><div class=\"formwork\"><div class=\"formwork_img\"><img class=\"\" src=\"img/product/detail/58c67b22Ned66fcb8.jpg\"> <img class=\"\" src=\"img/product/detail/58c67b23Nfffc2f8b.jpg\"> <img class=\"\" src=\"img/product/detail/58c67b22N04b18388.jpg\"> <img class=\"\" src=\"img/product/detail/58c67b24N6d5ce71c.jpg\"> <img class=\"\" src=\"img/product/detail/58c67b24Nac3dc074.jpg\"> <img class=\"\" src=\"img/product/detail/58c67b22N8aa1905c.jpg\"> <img class=\"\" src=\"img/product/detail/58c67b24N9aa8a252.jpg\"></div></div></div>', 152123456789, 1289, 1),
(40, 10, '神舟(HASEE)战神Z7M-SL5D1 15.6英寸游戏本笔记本电脑(i5-6300HQ 8G 1TB GTX965M 1080P)IPS屏', '超强性价比！！', '4499.00', ' *退货补运费 *30天无忧退货 *48小时快速退款 *72小时发货', '战神Z7M【四核i5 GTX965M】', '神舟战神Z7M-SL5D1', 'Windows 10', '8G', '全高清屏(1920×1080)', 'GTX965M', 'Intel i7标准电压版', '2G', '游戏本', '1T', '<div class=\"content_tpl\"><div class=\"formwork\"><div class=\"formwork_img\"><img class=\"\" src=\"img/product/detail/58c67b22Ned66fcb8.jpg\"> <img class=\"\" src=\"img/product/detail/58c67b23Nfffc2f8b.jpg\"> <img class=\"\" src=\"img/product/detail/58c67b22N04b18388.jpg\"> <img class=\"\" src=\"img/product/detail/58c67b24N6d5ce71c.jpg\"> <img class=\"\" src=\"img/product/detail/58c67b24Nac3dc074.jpg\"> <img class=\"\" src=\"img/product/detail/58c67b22N8aa1905c.jpg\"> <img class=\"\" src=\"img/product/detail/58c67b24N9aa8a252.jpg\"></div></div></div>', 153123456789, 231, 0),
(41, 10, '神舟(HASEE)战神Z6-KP5GT 15.6英寸游戏本笔记本电脑(i5-7300HQ 8G 1T+128G SSD GTX1050 1080P)黑色', '超强性价比！！', '5199.00', ' *退货补运费 *30天无忧退货 *48小时快速退款 *72小时发货', 'Z6 GT【i5 128G+1T GTX1050】', '神舟战神Z6-KP5GT', 'Windows 10', '8G', '全高清屏(1920×1080)', 'GTX1050', 'Intel i5标准电压版', '4G', '游戏本', '128G+1T', '<div class=\"content_tpl\"><div class=\"formwork\"><div class=\"formwork_img\"><img class=\"\" src=\"img/product/detail/58c67b22Ned66fcb8.jpg\"> <img class=\"\" src=\"img/product/detail/58c67b23Nfffc2f8b.jpg\"> <img class=\"\" src=\"img/product/detail/58c67b22N04b18388.jpg\"> <img class=\"\" src=\"img/product/detail/58c67b24N6d5ce71c.jpg\"> <img class=\"\" src=\"img/product/detail/58c67b24Nac3dc074.jpg\"> <img class=\"\" src=\"img/product/detail/58c67b22N8aa1905c.jpg\"> <img class=\"\" src=\"img/product/detail/58c67b24N9aa8a252.jpg\"></div></div></div>', 154123456789, 469, 1),
(42, 10, '神舟(HASEE) 战神G6-SL7S2 17.3英寸游戏笔记本(i7-6700HQ 8G 256G SSD GTX960M 2G独显 1080P)黑色', '17.3英寸大屏游戏本，纯固态硬盘，秒速开启超神之路！', '5499.00', ' *退货补运费 *30天无忧退货 *48小时快速退款 *72小时发货', '战神G6【17.3英寸 GTX960M】', '神舟战神G6', 'Windows 10', '8G', '全高清屏(1920×1080)', 'GTX960M', 'Intel i7标准电压版', '4G', '游戏本', '256固态', '<div class=\"content_tpl\"><div class=\"formwork\"><div class=\"formwork_img\"><img class=\"\" src=\"img/product/detail/58c67b22Ned66fcb8.jpg\"> <img class=\"\" src=\"img/product/detail/58c67b23Nfffc2f8b.jpg\"> <img class=\"\" src=\"img/product/detail/58c67b22N04b18388.jpg\"> <img class=\"\" src=\"img/product/detail/58c67b24N6d5ce71c.jpg\"> <img class=\"\" src=\"img/product/detail/58c67b24Nac3dc074.jpg\"> <img class=\"\" src=\"img/product/detail/58c67b22N8aa1905c.jpg\"> <img class=\"\" src=\"img/product/detail/58c67b24N9aa8a252.jpg\"></div></div></div>', 155123456789, 1223, 0),
(43, 10, '神舟(HASEE)战神Z6-KP7GT 15.6英寸游戏本笔记本电脑(i7-7700HQ 8G 1T+128G SSD GTX1050 1080P)黑色', '预约享5499抢！【128G SSD+1T HDD】双硬盘，春风“十”里，期待是你！', '5699.00', ' *退货补运费 *30天无忧退货 *48小时快速退款 *72小时发货', 'Z6 GT【i7 128G+1T GTX1050】', '神舟战神Z6-KP7GT', 'Windows 10', '8G', '全高清屏(1920×1080)', 'GTX1050', 'Intel i7标准电压版', '2G', '游戏本', '128G+1T', '<div class=\"content_tpl\"><div class=\"formwork\"><div class=\"formwork_img\"><img class=\"\" src=\"img/product/detail/58c67b22Ned66fcb8.jpg\"> <img class=\"\" src=\"img/product/detail/58c67b23Nfffc2f8b.jpg\"> <img class=\"\" src=\"img/product/detail/58c67b22N04b18388.jpg\"> <img class=\"\" src=\"img/product/detail/58c67b24N6d5ce71c.jpg\"> <img class=\"\" src=\"img/product/detail/58c67b24Nac3dc074.jpg\"> <img class=\"\" src=\"img/product/detail/58c67b22N8aa1905c.jpg\"> <img class=\"\" src=\"img/product/detail/58c67b24N9aa8a252.jpg\"></div></div></div>', 156123456789, 1844, 1);

-- --------------------------------------------------------

--
-- 表的结构 `xz_laptop_family`
--

DROP TABLE IF EXISTS `xz_laptop_family`;
CREATE TABLE `xz_laptop_family` (
  `fid` int(11) NOT NULL,
  `fname` varchar(32) DEFAULT NULL
) ENGINE=InnoDB DEFAULT CHARSET=utf8;

--
-- 插入之前先把表清空（truncate） `xz_laptop_family`
--

TRUNCATE TABLE `xz_laptop_family`;
--
-- 转存表中的数据 `xz_laptop_family`
--

INSERT INTO `xz_laptop_family` (`fid`, `fname`) VALUES
(1, 'AppleMacBookAir'),
(2, '小米Air'),
(3, 'ThinkPadE480C'),
(4, '华硕RX310UQ'),
(5, '联想小新700'),
(6, '戴尔燃7000'),
(7, '戴尔灵越15PR-5745B'),
(8, 'ThinkPadE470 C'),
(9, '华硕FH5900V'),
(10, '神舟战神Z7M-KP7GT');

-- --------------------------------------------------------

--
-- 表的结构 `xz_laptop_pic`
--

DROP TABLE IF EXISTS `xz_laptop_pic`;
CREATE TABLE `xz_laptop_pic` (
  `pid` int(11) NOT NULL,
  `laptop_id` int(11) DEFAULT NULL,
  `sm` varchar(128) DEFAULT NULL,
  `md` varchar(128) DEFAULT NULL,
  `lg` varchar(128) DEFAULT NULL
) ENGINE=InnoDB DEFAULT CHARSET=utf8;

--
-- 插入之前先把表清空（truncate） `xz_laptop_pic`
--

TRUNCATE TABLE `xz_laptop_pic`;
--
-- 转存表中的数据 `xz_laptop_pic`
--

INSERT INTO `xz_laptop_pic` (`pid`, `laptop_id`, `sm`, `md`, `lg`) VALUES
(1, 1, 'img/product/sm/57b12a31N8f4f75a3.jpg', 'img/product/md/57b12a31N8f4f75a3.jpg', 'img/product/lg/57b12a31N8f4f75a3.jpg'),
(2, 1, 'img/product/sm/57ad359dNd4a6f130.jpg', 'img/product/md/57ad359dNd4a6f130.jpg', 'img/product/lg/57ad359dNd4a6f130.jpg'),
(3, 1, 'img/product/sm/57ad8846N64ac3c79.jpg', 'img/product/md/57ad8846N64ac3c79.jpg', 'img/product/lg/57ad8846N64ac3c79.jpg'),
(4, 2, 'img/product/sm/57b12a31N8f4f75a3.jpg', 'img/product/md/57b12a31N8f4f75a3.jpg', 'img/product/lg/57b12a31N8f4f75a3.jpg'),
(5, 2, 'img/product/sm/57ad359dNd4a6f130.jpg', 'img/product/md/57ad359dNd4a6f130.jpg', 'img/product/lg/57ad359dNd4a6f130.jpg'),
(6, 2, 'img/product/sm/57ad8846N64ac3c79.jpg', 'img/product/md/57ad8846N64ac3c79.jpg', 'img/product/lg/57ad8846N64ac3c79.jpg'),
(7, 3, 'img/product/sm/57b12a31N8f4f75a3.jpg', 'img/product/md/57b12a31N8f4f75a3.jpg', 'img/product/lg/57b12a31N8f4f75a3.jpg'),
(8, 3, 'img/product/sm/57ad359dNd4a6f130.jpg', 'img/product/md/57ad359dNd4a6f130.jpg', 'img/product/lg/57ad359dNd4a6f130.jpg'),
(9, 3, 'img/product/sm/57ad8846N64ac3c79.jpg', 'img/product/md/57ad8846N64ac3c79.jpg', 'img/product/lg/57ad8846N64ac3c79.jpg'),
(10, 4, 'img/product/sm/57b12a31N8f4f75a3.jpg', 'img/product/md/57b12a31N8f4f75a3.jpg', 'img/product/lg/57b12a31N8f4f75a3.jpg'),
(11, 4, 'img/product/sm/57ad359dNd4a6f130.jpg', 'img/product/md/57ad359dNd4a6f130.jpg', 'img/product/lg/57ad359dNd4a6f130.jpg'),
(12, 4, 'img/product/sm/57ad8846N64ac3c79.jpg', 'img/product/md/57ad8846N64ac3c79.jpg', 'img/product/lg/57ad8846N64ac3c79.jpg'),
(13, 5, 'img/product/sm/57e3b072N661cd00d.jpg', 'img/product/md/57e3b072N661cd00d.jpg', 'img/product/lg/57e3b072N661cd00d.jpg'),
(14, 5, 'img/product/sm/57e1ff09Nf610fea3.jpg', 'img/product/md/57e1ff09Nf610fea3.jpg', 'img/product/lg/57e1ff09Nf610fea3.jpg'),
(15, 5, 'img/product/sm/57e1ff17N286390a9.jpg', 'img/product/md/57e1ff17N286390a9.jpg', 'img/product/lg/57e1ff17N286390a9.jpg'),
(16, 5, 'img/product/sm/57e1ff2fN8a36d0fe.jpg', 'img/product/md/57e1ff2fN8a36d0fe.jpg', 'img/product/lg/57e1ff2fN8a36d0fe.jpg'),
(17, 5, 'img/product/sm/57e52dffNa4d8ce2c.jpg', 'img/product/md/57e52dffNa4d8ce2c.jpg', 'img/product/lg/57e52dffNa4d8ce2c.jpg'),
(18, 5, 'img/product/sm/57e52e03N4ec367dd.jpg', 'img/product/md/57e52e03N4ec367dd.jpg', 'img/product/lg/57e52e03N4ec367dd.jpg'),
(19, 5, 'img/product/sm/57e52e06N116974f7.jpg', 'img/product/md/57e52e06N116974f7.jpg', 'img/product/lg/57e52e06N116974f7.jpg'),
(20, 6, 'img/product/sm/57e3b072N661cd00d.jpg', 'img/product/md/57e3b072N661cd00d.jpg', 'img/product/lg/57e3b072N661cd00d.jpg'),
(21, 6, 'img/product/sm/57e1ff09Nf610fea3.jpg', 'img/product/md/57e1ff09Nf610fea3.jpg', 'img/product/lg/57e1ff09Nf610fea3.jpg'),
(22, 6, 'img/product/sm/57e1ff17N286390a9.jpg', 'img/product/md/57e1ff17N286390a9.jpg', 'img/product/lg/57e1ff17N286390a9.jpg'),
(23, 6, 'img/product/sm/57e1ff2fN8a36d0fe.jpg', 'img/product/md/57e1ff2fN8a36d0fe.jpg', 'img/product/lg/57e1ff2fN8a36d0fe.jpg'),
(24, 6, 'img/product/sm/57e52dffNa4d8ce2c.jpg', 'img/product/md/57e52dffNa4d8ce2c.jpg', 'img/product/lg/57e52dffNa4d8ce2c.jpg'),
(25, 6, 'img/product/sm/57e52e03N4ec367dd.jpg', 'img/product/md/57e52e03N4ec367dd.jpg', 'img/product/lg/57e52e03N4ec367dd.jpg'),
(26, 6, 'img/product/sm/57e52e06N116974f7.jpg', 'img/product/md/57e52e06N116974f7.jpg', 'img/product/lg/57e52e06N116974f7.jpg'),
(27, 7, 'img/product/sm/57e3b072N661cd00d.jpg', 'img/product/md/57e3b072N661cd00d.jpg', 'img/product/lg/57e3b072N661cd00d.jpg'),
(28, 7, 'img/product/sm/57e1ff09Nf610fea3.jpg', 'img/product/md/57e1ff09Nf610fea3.jpg', 'img/product/lg/57e1ff09Nf610fea3.jpg'),
(29, 7, 'img/product/sm/57e1ff17N286390a9.jpg', 'img/product/md/57e1ff17N286390a9.jpg', 'img/product/lg/57e1ff17N286390a9.jpg'),
(30, 7, 'img/product/sm/57e1ff2fN8a36d0fe.jpg', 'img/product/md/57e1ff2fN8a36d0fe.jpg', 'img/product/lg/57e1ff2fN8a36d0fe.jpg'),
(31, 7, 'img/product/sm/57e52dffNa4d8ce2c.jpg', 'img/product/md/57e52dffNa4d8ce2c.jpg', 'img/product/lg/57e52dffNa4d8ce2c.jpg'),
(32, 7, 'img/product/sm/57e52e03N4ec367dd.jpg', 'img/product/md/57e52e03N4ec367dd.jpg', 'img/product/lg/57e52e03N4ec367dd.jpg'),
(33, 7, 'img/product/sm/57e52e06N116974f7.jpg', 'img/product/md/57e52e06N116974f7.jpg', 'img/product/lg/57e52e06N116974f7.jpg'),
(34, 8, 'img/product/sm/57e3b072N661cd00d.jpg', 'img/product/md/57e3b072N661cd00d.jpg', 'img/product/lg/57e3b072N661cd00d.jpg'),
(35, 8, 'img/product/sm/57e1ff09Nf610fea3.jpg', 'img/product/md/57e1ff09Nf610fea3.jpg', 'img/product/lg/57e1ff09Nf610fea3.jpg'),
(36, 8, 'img/product/sm/57e1ff17N286390a9.jpg', 'img/product/md/57e1ff17N286390a9.jpg', 'img/product/lg/57e1ff17N286390a9.jpg'),
(37, 8, 'img/product/sm/57e1ff2fN8a36d0fe.jpg', 'img/product/md/57e1ff2fN8a36d0fe.jpg', 'img/product/lg/57e1ff2fN8a36d0fe.jpg'),
(38, 8, 'img/product/sm/57e52dffNa4d8ce2c.jpg', 'img/product/md/57e52dffNa4d8ce2c.jpg', 'img/product/lg/57e52dffNa4d8ce2c.jpg'),
(39, 8, 'img/product/sm/57e52e03N4ec367dd.jpg', 'img/product/md/57e52e03N4ec367dd.jpg', 'img/product/lg/57e52e03N4ec367dd.jpg'),
(40, 8, 'img/product/sm/57e52e06N116974f7.jpg', 'img/product/md/57e52e06N116974f7.jpg', 'img/product/lg/57e52e06N116974f7.jpg'),
(41, 9, 'img/product/sm/584b5678Nbc9f1e70.jpg', 'img/product/md/584b5678Nbc9f1e70.jpg', 'img/product/lg/584b5678Nbc9f1e70.jpg'),
(42, 9, 'img/product/sm/584b567dNd9c58341.jpg', 'img/product/md/584b567dNd9c58341.jpg', 'img/product/lg/584b567dNd9c58341.jpg'),
(43, 9, 'img/product/sm/5819a0ebNefd901bc.jpg', 'img/product/md/5819a0ebNefd901bc.jpg', 'img/product/lg/5819a0ebNefd901bc.jpg'),
(44, 9, 'img/product/sm/5819a106Necf0abb8.jpg', 'img/product/md/5819a106Necf0abb8.jpg', 'img/product/lg/5819a106Necf0abb8.jpg'),
(45, 9, 'img/product/sm/5819a10bN2ea5c8e0.jpg', 'img/product/md/5819a10bN2ea5c8e0.jpg', 'img/product/lg/5819a10bN2ea5c8e0.jpg'),
(46, 9, 'img/product/sm/5819a10fNd0f96a03.jpg', 'img/product/md/5819a10fNd0f96a03.jpg', 'img/product/lg/5819a10fNd0f96a03.jpg'),
(47, 9, 'img/product/sm/5819a114Ne0cd75db.jpg', 'img/product/md/5819a114Ne0cd75db.jpg', 'img/product/lg/5819a114Ne0cd75db.jpg'),
(48, 9, 'img/product/sm/5819a133N03021b26.jpg', 'img/product/md/5819a133N03021b26.jpg', 'img/product/lg/5819a133N03021b26.jpg'),
(49, 10, 'img/product/sm/584b5678Nbc9f1e70.jpg', 'img/product/md/584b5678Nbc9f1e70.jpg', 'img/product/lg/584b5678Nbc9f1e70.jpg'),
(50, 10, 'img/product/sm/584b567dNd9c58341.jpg', 'img/product/md/584b567dNd9c58341.jpg', 'img/product/lg/584b567dNd9c58341.jpg'),
(51, 10, 'img/product/sm/5819a0ebNefd901bc.jpg', 'img/product/md/5819a0ebNefd901bc.jpg', 'img/product/lg/5819a0ebNefd901bc.jpg'),
(52, 10, 'img/product/sm/5819a106Necf0abb8.jpg', 'img/product/md/5819a106Necf0abb8.jpg', 'img/product/lg/5819a106Necf0abb8.jpg'),
(53, 10, 'img/product/sm/5819a10bN2ea5c8e0.jpg', 'img/product/md/5819a10bN2ea5c8e0.jpg', 'img/product/lg/5819a10bN2ea5c8e0.jpg'),
(54, 10, 'img/product/sm/5819a10fNd0f96a03.jpg', 'img/product/md/5819a10fNd0f96a03.jpg', 'img/product/lg/5819a10fNd0f96a03.jpg'),
(55, 10, 'img/product/sm/5819a114Ne0cd75db.jpg', 'img/product/md/5819a114Ne0cd75db.jpg', 'img/product/lg/5819a114Ne0cd75db.jpg'),
(56, 10, 'img/product/sm/5819a133N03021b26.jpg', 'img/product/md/5819a133N03021b26.jpg', 'img/product/lg/5819a133N03021b26.jpg'),
(57, 11, 'img/product/sm/584b5678Nbc9f1e70.jpg', 'img/product/md/584b5678Nbc9f1e70.jpg', 'img/product/lg/584b5678Nbc9f1e70.jpg'),
(58, 11, 'img/product/sm/584b567dNd9c58341.jpg', 'img/product/md/584b567dNd9c58341.jpg', 'img/product/lg/584b567dNd9c58341.jpg'),
(59, 11, 'img/product/sm/5819a0ebNefd901bc.jpg', 'img/product/md/5819a0ebNefd901bc.jpg', 'img/product/lg/5819a0ebNefd901bc.jpg'),
(60, 11, 'img/product/sm/5819a106Necf0abb8.jpg', 'img/product/md/5819a106Necf0abb8.jpg', 'img/product/lg/5819a106Necf0abb8.jpg'),
(61, 11, 'img/product/sm/5819a10bN2ea5c8e0.jpg', 'img/product/md/5819a10bN2ea5c8e0.jpg', 'img/product/lg/5819a10bN2ea5c8e0.jpg'),
(62, 11, 'img/product/sm/5819a10fNd0f96a03.jpg', 'img/product/md/5819a10fNd0f96a03.jpg', 'img/product/lg/5819a10fNd0f96a03.jpg'),
(63, 11, 'img/product/sm/5819a114Ne0cd75db.jpg', 'img/product/md/5819a114Ne0cd75db.jpg', 'img/product/lg/5819a114Ne0cd75db.jpg'),
(64, 11, 'img/product/sm/5819a133N03021b26.jpg', 'img/product/md/5819a133N03021b26.jpg', 'img/product/lg/5819a133N03021b26.jpg'),
(65, 12, 'img/product/sm/584b5678Nbc9f1e70.jpg', 'img/product/md/584b5678Nbc9f1e70.jpg', 'img/product/lg/584b5678Nbc9f1e70.jpg'),
(66, 12, 'img/product/sm/584b567dNd9c58341.jpg', 'img/product/md/584b567dNd9c58341.jpg', 'img/product/lg/584b567dNd9c58341.jpg'),
(67, 12, 'img/product/sm/5819a0ebNefd901bc.jpg', 'img/product/md/5819a0ebNefd901bc.jpg', 'img/product/lg/5819a0ebNefd901bc.jpg'),
(68, 12, 'img/product/sm/5819a106Necf0abb8.jpg', 'img/product/md/5819a106Necf0abb8.jpg', 'img/product/lg/5819a106Necf0abb8.jpg'),
(69, 12, 'img/product/sm/5819a10bN2ea5c8e0.jpg', 'img/product/md/5819a10bN2ea5c8e0.jpg', 'img/product/lg/5819a10bN2ea5c8e0.jpg'),
(70, 12, 'img/product/sm/5819a10fNd0f96a03.jpg', 'img/product/md/5819a10fNd0f96a03.jpg', 'img/product/lg/5819a10fNd0f96a03.jpg'),
(71, 12, 'img/product/sm/5819a114Ne0cd75db.jpg', 'img/product/md/5819a114Ne0cd75db.jpg', 'img/product/lg/5819a114Ne0cd75db.jpg'),
(72, 12, 'img/product/sm/5819a133N03021b26.jpg', 'img/product/md/5819a133N03021b26.jpg', 'img/product/lg/5819a133N03021b26.jpg'),
(73, 13, 'img/product/sm/590a98f9N8039f132.jpg', 'img/product/md/590a98f9N8039f132.jpg', 'img/product/lg/590a98f9N8039f132.jpg'),
(74, 13, 'img/product/sm/58f46de7N0dafbae3.jpg', 'img/product/md/58f46de7N0dafbae3.jpg', 'img/product/lg/58f46de7N0dafbae3.jpg'),
(75, 13, 'img/product/sm/58e5c226N4836a223.jpg', 'img/product/md/58e5c226N4836a223.jpg', 'img/product/lg/58e5c226N4836a223.jpg'),
(76, 13, 'img/product/sm/58dc76d5N8a0947a3.jpg', 'img/product/md/58dc76d5N8a0947a3.jpg', 'img/product/lg/58dc76d5N8a0947a3.jpg'),
(77, 13, 'img/product/sm/58fd9c54Nec723d68.jpg', 'img/product/md/58fd9c54Nec723d68.jpg', 'img/product/lg/58fd9c54Nec723d68.jpg'),
(78, 13, 'img/product/sm/58bfc2afNd44b4135.jpg', 'img/product/md/58bfc2afNd44b4135.jpg', 'img/product/lg/58bfc2afNd44b4135.jpg'),
(79, 14, 'img/product/sm/590a98f9N8039f132.jpg', 'img/product/md/590a98f9N8039f132.jpg', 'img/product/lg/590a98f9N8039f132.jpg'),
(80, 14, 'img/product/sm/58f46de7N0dafbae3.jpg', 'img/product/md/58f46de7N0dafbae3.jpg', 'img/product/lg/58f46de7N0dafbae3.jpg'),
(81, 14, 'img/product/sm/58e5c226N4836a223.jpg', 'img/product/md/58e5c226N4836a223.jpg', 'img/product/lg/58e5c226N4836a223.jpg'),
(82, 14, 'img/product/sm/58dc76d5N8a0947a3.jpg', 'img/product/md/58dc76d5N8a0947a3.jpg', 'img/product/lg/58dc76d5N8a0947a3.jpg'),
(83, 14, 'img/product/sm/58fd9c54Nec723d68.jpg', 'img/product/md/58fd9c54Nec723d68.jpg', 'img/product/lg/58fd9c54Nec723d68.jpg'),
(84, 14, 'img/product/sm/58bfc2afNd44b4135.jpg', 'img/product/md/58bfc2afNd44b4135.jpg', 'img/product/lg/58bfc2afNd44b4135.jpg'),
(85, 15, 'img/product/sm/590a98f9N8039f132.jpg', 'img/product/md/590a98f9N8039f132.jpg', 'img/product/lg/590a98f9N8039f132.jpg'),
(86, 15, 'img/product/sm/58f46de7N0dafbae3.jpg', 'img/product/md/58f46de7N0dafbae3.jpg', 'img/product/lg/58f46de7N0dafbae3.jpg'),
(87, 15, 'img/product/sm/58e5c226N4836a223.jpg', 'img/product/md/58e5c226N4836a223.jpg', 'img/product/lg/58e5c226N4836a223.jpg'),
(88, 15, 'img/product/sm/58dc76d5N8a0947a3.jpg', 'img/product/md/58dc76d5N8a0947a3.jpg', 'img/product/lg/58dc76d5N8a0947a3.jpg'),
(89, 15, 'img/product/sm/58fd9c54Nec723d68.jpg', 'img/product/md/58fd9c54Nec723d68.jpg', 'img/product/lg/58fd9c54Nec723d68.jpg'),
(90, 15, 'img/product/sm/58bfc2afNd44b4135.jpg', 'img/product/md/58bfc2afNd44b4135.jpg', 'img/product/lg/58bfc2afNd44b4135.jpg'),
(91, 16, 'img/product/sm/590a98f9N8039f132.jpg', 'img/product/md/590a98f9N8039f132.jpg', 'img/product/lg/590a98f9N8039f132.jpg'),
(92, 16, 'img/product/sm/58f46de7N0dafbae3.jpg', 'img/product/md/58f46de7N0dafbae3.jpg', 'img/product/lg/58f46de7N0dafbae3.jpg'),
(93, 16, 'img/product/sm/58e5c226N4836a223.jpg', 'img/product/md/58e5c226N4836a223.jpg', 'img/product/lg/58e5c226N4836a223.jpg'),
(94, 16, 'img/product/sm/58dc76d5N8a0947a3.jpg', 'img/product/md/58dc76d5N8a0947a3.jpg', 'img/product/lg/58dc76d5N8a0947a3.jpg'),
(95, 16, 'img/product/sm/58fd9c54Nec723d68.jpg', 'img/product/md/58fd9c54Nec723d68.jpg', 'img/product/lg/58fd9c54Nec723d68.jpg'),
(96, 16, 'img/product/sm/58bfc2afNd44b4135.jpg', 'img/product/md/58bfc2afNd44b4135.jpg', 'img/product/lg/58bfc2afNd44b4135.jpg'),
(97, 17, 'img/product/sm/587f476aNcfbf7869.jpg', 'img/product/md/587f476aNcfbf7869.jpg', 'img/product/lg/587f476aNcfbf7869.jpg'),
(98, 17, 'img/product/sm/57871083Nefe2d3d6.jpg', 'img/product/md/57871083Nefe2d3d6.jpg', 'img/product/lg/57871083Nefe2d3d6.jpg'),
(99, 17, 'img/product/sm/57871086N86c8f0ab.jpg', 'img/product/md/57871086N86c8f0ab.jpg', 'img/product/lg/57871086N86c8f0ab.jpg'),
(100, 17, 'img/product/sm/5787107bN73d05ad5.jpg', 'img/product/md/5787107bN73d05ad5.jpg', 'img/product/lg/5787107bN73d05ad5.jpg'),
(101, 17, 'img/product/sm/5787109cNaf26e3b0.jpg', 'img/product/md/5787109cNaf26e3b0.jpg', 'img/product/lg/5787109cNaf26e3b0.jpg'),
(102, 17, 'img/product/sm/578710a0N07795fe5.jpg', 'img/product/md/578710a0N07795fe5.jpg', 'img/product/lg/578710a0N07795fe5.jpg'),
(103, 17, 'img/product/sm/578710a3Nc498e3ea.jpg', 'img/product/md/578710a3Nc498e3ea.jpg', 'img/product/lg/578710a3Nc498e3ea.jpg'),
(104, 18, 'img/product/sm/587f476aNcfbf7869.jpg', 'img/product/md/587f476aNcfbf7869.jpg', 'img/product/lg/587f476aNcfbf7869.jpg'),
(105, 18, 'img/product/sm/57871083Nefe2d3d6.jpg', 'img/product/md/57871083Nefe2d3d6.jpg', 'img/product/lg/57871083Nefe2d3d6.jpg'),
(106, 18, 'img/product/sm/57871086N86c8f0ab.jpg', 'img/product/md/57871086N86c8f0ab.jpg', 'img/product/lg/57871086N86c8f0ab.jpg'),
(107, 18, 'img/product/sm/5787107bN73d05ad5.jpg', 'img/product/md/5787107bN73d05ad5.jpg', 'img/product/lg/5787107bN73d05ad5.jpg'),
(108, 18, 'img/product/sm/5787109cNaf26e3b0.jpg', 'img/product/md/5787109cNaf26e3b0.jpg', 'img/product/lg/5787109cNaf26e3b0.jpg'),
(109, 18, 'img/product/sm/578710a0N07795fe5.jpg', 'img/product/md/578710a0N07795fe5.jpg', 'img/product/lg/578710a0N07795fe5.jpg'),
(110, 18, 'img/product/sm/578710a3Nc498e3ea.jpg', 'img/product/md/578710a3Nc498e3ea.jpg', 'img/product/lg/578710a3Nc498e3ea.jpg'),
(111, 19, 'img/product/sm/57bbc38eN9def8042.jpg', 'img/product/md/57bbc38eN9def8042.jpg', 'img/product/lg/57bbc38eN9def8042.jpg'),
(112, 19, 'img/product/sm/57ba6a27Nbb8d2dcf.jpg', 'img/product/md/57ba6a27Nbb8d2dcf.jpg', 'img/product/lg/57ba6a27Nbb8d2dcf.jpg'),
(113, 19, 'img/product/sm/57ba6a38N4f4670bd.jpg', 'img/product/md/57ba6a38N4f4670bd.jpg', 'img/product/lg/57ba6a38N4f4670bd.jpg'),
(114, 19, 'img/product/sm/57ba6a3dN54779e6a.jpg', 'img/product/md/57ba6a3dN54779e6a.jpg', 'img/product/lg/57ba6a3dN54779e6a.jpg'),
(115, 19, 'img/product/sm/57ba6a47N19af9c97.jpg', 'img/product/md/57ba6a47N19af9c97.jpg', 'img/product/lg/57ba6a47N19af9c97.jpg'),
(116, 19, 'img/product/sm/57ba6a4cNb83e292a.jpg', 'img/product/md/57ba6a4cNb83e292a.jpg', 'img/product/lg/57ba6a4cNb83e292a.jpg'),
(117, 19, 'img/product/sm/57ba6a56N1e3e3d63.jpg', 'img/product/md/57ba6a56N1e3e3d63.jpg', 'img/product/lg/57ba6a56N1e3e3d63.jpg'),
(118, 20, 'img/product/sm/57bbc38eN9def8042.jpg', 'img/product/md/57bbc38eN9def8042.jpg', 'img/product/lg/57bbc38eN9def8042.jpg'),
(119, 20, 'img/product/sm/57ba6a27Nbb8d2dcf.jpg', 'img/product/md/57ba6a27Nbb8d2dcf.jpg', 'img/product/lg/57ba6a27Nbb8d2dcf.jpg'),
(120, 20, 'img/product/sm/57ba6a38N4f4670bd.jpg', 'img/product/md/57ba6a38N4f4670bd.jpg', 'img/product/lg/57ba6a38N4f4670bd.jpg'),
(121, 20, 'img/product/sm/57ba6a3dN54779e6a.jpg', 'img/product/md/57ba6a3dN54779e6a.jpg', 'img/product/lg/57ba6a3dN54779e6a.jpg'),
(122, 20, 'img/product/sm/57ba6a47N19af9c97.jpg', 'img/product/md/57ba6a47N19af9c97.jpg', 'img/product/lg/57ba6a47N19af9c97.jpg'),
(123, 20, 'img/product/sm/57ba6a4cNb83e292a.jpg', 'img/product/md/57ba6a4cNb83e292a.jpg', 'img/product/lg/57ba6a4cNb83e292a.jpg'),
(124, 20, 'img/product/sm/57ba6a56N1e3e3d63.jpg', 'img/product/md/57ba6a56N1e3e3d63.jpg', 'img/product/lg/57ba6a56N1e3e3d63.jpg'),
(125, 21, 'img/product/sm/57bbc38eN9def8042.jpg', 'img/product/md/57bbc38eN9def8042.jpg', 'img/product/lg/57bbc38eN9def8042.jpg'),
(126, 21, 'img/product/sm/57ba6a27Nbb8d2dcf.jpg', 'img/product/md/57ba6a27Nbb8d2dcf.jpg', 'img/product/lg/57ba6a27Nbb8d2dcf.jpg'),
(127, 21, 'img/product/sm/57ba6a38N4f4670bd.jpg', 'img/product/md/57ba6a38N4f4670bd.jpg', 'img/product/lg/57ba6a38N4f4670bd.jpg'),
(128, 21, 'img/product/sm/57ba6a3dN54779e6a.jpg', 'img/product/md/57ba6a3dN54779e6a.jpg', 'img/product/lg/57ba6a3dN54779e6a.jpg'),
(129, 21, 'img/product/sm/57ba6a47N19af9c97.jpg', 'img/product/md/57ba6a47N19af9c97.jpg', 'img/product/lg/57ba6a47N19af9c97.jpg'),
(130, 21, 'img/product/sm/57ba6a4cNb83e292a.jpg', 'img/product/md/57ba6a4cNb83e292a.jpg', 'img/product/lg/57ba6a4cNb83e292a.jpg'),
(131, 21, 'img/product/sm/57ba6a56N1e3e3d63.jpg', 'img/product/md/57ba6a56N1e3e3d63.jpg', 'img/product/lg/57ba6a56N1e3e3d63.jpg'),
(132, 22, 'img/product/sm/5913f8ffN49fa143c.jpg', 'img/product/md/5913f8ffN49fa143c.jpg', 'img/product/lg/5913f8ffN49fa143c.jpg'),
(133, 22, 'img/product/sm/5913f903Nbffaa4fd.jpg', 'img/product/md/5913f903Nbffaa4fd.jpg', 'img/product/lg/5913f903Nbffaa4fd.jpg'),
(134, 22, 'img/product/sm/5913f907Ncbc65469.jpg', 'img/product/md/5913f907Ncbc65469.jpg', 'img/product/lg/5913f907Ncbc65469.jpg'),
(135, 22, 'img/product/sm/5913f90bN1b563f42.jpg', 'img/product/md/5913f90bN1b563f42.jpg', 'img/product/lg/5913f90bN1b563f42.jpg'),
(136, 22, 'img/product/sm/5913f90fN99370675.jpg', 'img/product/md/5913f90fN99370675.jpg', 'img/product/lg/5913f90fN99370675.jpg'),
(137, 22, 'img/product/sm/5913f93bNe4d2b3e5.jpg', 'img/product/md/5913f93bNe4d2b3e5.jpg', 'img/product/lg/5913f93bNe4d2b3e5.jpg'),
(138, 22, 'img/product/sm/5913f93fNfd79b4fc.jpg', 'img/product/md/5913f93fNfd79b4fc.jpg', 'img/product/lg/5913f93fNfd79b4fc.jpg'),
(139, 23, 'img/product/sm/5913f8ffN49fa143c.jpg', 'img/product/md/5913f8ffN49fa143c.jpg', 'img/product/lg/5913f8ffN49fa143c.jpg'),
(140, 23, 'img/product/sm/5913f903Nbffaa4fd.jpg', 'img/product/md/5913f903Nbffaa4fd.jpg', 'img/product/lg/5913f903Nbffaa4fd.jpg'),
(141, 23, 'img/product/sm/5913f907Ncbc65469.jpg', 'img/product/md/5913f907Ncbc65469.jpg', 'img/product/lg/5913f907Ncbc65469.jpg'),
(142, 23, 'img/product/sm/5913f90bN1b563f42.jpg', 'img/product/md/5913f90bN1b563f42.jpg', 'img/product/lg/5913f90bN1b563f42.jpg'),
(143, 23, 'img/product/sm/5913f90fN99370675.jpg', 'img/product/md/5913f90fN99370675.jpg', 'img/product/lg/5913f90fN99370675.jpg'),
(144, 23, 'img/product/sm/5913f93bNe4d2b3e5.jpg', 'img/product/md/5913f93bNe4d2b3e5.jpg', 'img/product/lg/5913f93bNe4d2b3e5.jpg'),
(145, 23, 'img/product/sm/5913f93fNfd79b4fc.jpg', 'img/product/md/5913f93fNfd79b4fc.jpg', 'img/product/lg/5913f93fNfd79b4fc.jpg'),
(146, 24, 'img/product/sm/5913f8ffN49fa143c.jpg', 'img/product/md/5913f8ffN49fa143c.jpg', 'img/product/lg/5913f8ffN49fa143c.jpg'),
(147, 24, 'img/product/sm/5913f903Nbffaa4fd.jpg', 'img/product/md/5913f903Nbffaa4fd.jpg', 'img/product/lg/5913f903Nbffaa4fd.jpg'),
(148, 24, 'img/product/sm/5913f907Ncbc65469.jpg', 'img/product/md/5913f907Ncbc65469.jpg', 'img/product/lg/5913f907Ncbc65469.jpg'),
(149, 24, 'img/product/sm/5913f90bN1b563f42.jpg', 'img/product/md/5913f90bN1b563f42.jpg', 'img/product/lg/5913f90bN1b563f42.jpg'),
(150, 24, 'img/product/sm/5913f90fN99370675.jpg', 'img/product/md/5913f90fN99370675.jpg', 'img/product/lg/5913f90fN99370675.jpg'),
(151, 24, 'img/product/sm/5913f93bNe4d2b3e5.jpg', 'img/product/md/5913f93bNe4d2b3e5.jpg', 'img/product/lg/5913f93bNe4d2b3e5.jpg'),
(152, 24, 'img/product/sm/5913f93fNfd79b4fc.jpg', 'img/product/md/5913f93fNfd79b4fc.jpg', 'img/product/lg/5913f93fNfd79b4fc.jpg'),
(153, 25, 'img/product/sm/5913f8ffN49fa143c.jpg', 'img/product/md/5913f8ffN49fa143c.jpg', 'img/product/lg/5913f8ffN49fa143c.jpg'),
(154, 25, 'img/product/sm/5913f903Nbffaa4fd.jpg', 'img/product/md/5913f903Nbffaa4fd.jpg', 'img/product/lg/5913f903Nbffaa4fd.jpg'),
(155, 25, 'img/product/sm/5913f907Ncbc65469.jpg', 'img/product/md/5913f907Ncbc65469.jpg', 'img/product/lg/5913f907Ncbc65469.jpg'),
(156, 25, 'img/product/sm/5913f90bN1b563f42.jpg', 'img/product/md/5913f90bN1b563f42.jpg', 'img/product/lg/5913f90bN1b563f42.jpg'),
(157, 25, 'img/product/sm/5913f90fN99370675.jpg', 'img/product/md/5913f90fN99370675.jpg', 'img/product/lg/5913f90fN99370675.jpg'),
(158, 25, 'img/product/sm/5913f93bNe4d2b3e5.jpg', 'img/product/md/5913f93bNe4d2b3e5.jpg', 'img/product/lg/5913f93bNe4d2b3e5.jpg'),
(159, 25, 'img/product/sm/5913f93fNfd79b4fc.jpg', 'img/product/md/5913f93fNfd79b4fc.jpg', 'img/product/lg/5913f93fNfd79b4fc.jpg'),
(160, 26, 'img/product/sm/5913f8ffN49fa143c.jpg', 'img/product/md/5913f8ffN49fa143c.jpg', 'img/product/lg/5913f8ffN49fa143c.jpg'),
(161, 26, 'img/product/sm/5913f903Nbffaa4fd.jpg', 'img/product/md/5913f903Nbffaa4fd.jpg', 'img/product/lg/5913f903Nbffaa4fd.jpg'),
(162, 26, 'img/product/sm/5913f907Ncbc65469.jpg', 'img/product/md/5913f907Ncbc65469.jpg', 'img/product/lg/5913f907Ncbc65469.jpg'),
(163, 26, 'img/product/sm/5913f90bN1b563f42.jpg', 'img/product/md/5913f90bN1b563f42.jpg', 'img/product/lg/5913f90bN1b563f42.jpg'),
(164, 26, 'img/product/sm/5913f90fN99370675.jpg', 'img/product/md/5913f90fN99370675.jpg', 'img/product/lg/5913f90fN99370675.jpg'),
(165, 26, 'img/product/sm/5913f93bNe4d2b3e5.jpg', 'img/product/md/5913f93bNe4d2b3e5.jpg', 'img/product/lg/5913f93bNe4d2b3e5.jpg'),
(166, 26, 'img/product/sm/5913f93fNfd79b4fc.jpg', 'img/product/md/5913f93fNfd79b4fc.jpg', 'img/product/lg/5913f93fNfd79b4fc.jpg'),
(167, 27, 'img/product/sm/5913f8ffN49fa143c.jpg', 'img/product/md/5913f8ffN49fa143c.jpg', 'img/product/lg/5913f8ffN49fa143c.jpg'),
(168, 27, 'img/product/sm/5913f903Nbffaa4fd.jpg', 'img/product/md/5913f903Nbffaa4fd.jpg', 'img/product/lg/5913f903Nbffaa4fd.jpg'),
(169, 27, 'img/product/sm/5913f907Ncbc65469.jpg', 'img/product/md/5913f907Ncbc65469.jpg', 'img/product/lg/5913f907Ncbc65469.jpg'),
(170, 27, 'img/product/sm/5913f90bN1b563f42.jpg', 'img/product/md/5913f90bN1b563f42.jpg', 'img/product/lg/5913f90bN1b563f42.jpg'),
(171, 27, 'img/product/sm/5913f90fN99370675.jpg', 'img/product/md/5913f90fN99370675.jpg', 'img/product/lg/5913f90fN99370675.jpg'),
(172, 27, 'img/product/sm/5913f93bNe4d2b3e5.jpg', 'img/product/md/5913f93bNe4d2b3e5.jpg', 'img/product/lg/5913f93bNe4d2b3e5.jpg'),
(173, 27, 'img/product/sm/5913f93fNfd79b4fc.jpg', 'img/product/md/5913f93fNfd79b4fc.jpg', 'img/product/lg/5913f93fNfd79b4fc.jpg'),
(174, 28, 'img/product/sm/584b5678Nbc9f1e70.jpg', 'img/product/md/584b5678Nbc9f1e70.jpg', 'img/product/lg/584b5678Nbc9f1e70.jpg'),
(175, 28, 'img/product/sm/584b567dNd9c58341.jpg', 'img/product/md/584b567dNd9c58341.jpg', 'img/product/lg/584b567dNd9c58341.jpg'),
(176, 28, 'img/product/sm/5819a0ebNefd901bc.jpg', 'img/product/md/5819a0ebNefd901bc.jpg', 'img/product/lg/5819a0ebNefd901bc.jpg'),
(177, 28, 'img/product/sm/5819a106Necf0abb8.jpg', 'img/product/md/5819a106Necf0abb8.jpg', 'img/product/lg/5819a106Necf0abb8.jpg'),
(178, 28, 'img/product/sm/5819a10bN2ea5c8e0.jpg', 'img/product/md/5819a10bN2ea5c8e0.jpg', 'img/product/lg/5819a10bN2ea5c8e0.jpg'),
(179, 28, 'img/product/sm/5819a10fNd0f96a03.jpg', 'img/product/md/5819a10fNd0f96a03.jpg', 'img/product/lg/5819a10fNd0f96a03.jpg'),
(180, 28, 'img/product/sm/5819a114Ne0cd75db.jpg', 'img/product/md/5819a114Ne0cd75db.jpg', 'img/product/lg/5819a114Ne0cd75db.jpg'),
(181, 28, 'img/product/sm/5819a133N03021b26.jpg', 'img/product/md/5819a133N03021b26.jpg', 'img/product/lg/5819a133N03021b26.jpg'),
(182, 29, 'img/product/sm/584b5678Nbc9f1e70.jpg', 'img/product/md/584b5678Nbc9f1e70.jpg', 'img/product/lg/584b5678Nbc9f1e70.jpg'),
(183, 29, 'img/product/sm/584b567dNd9c58341.jpg', 'img/product/md/584b567dNd9c58341.jpg', 'img/product/lg/584b567dNd9c58341.jpg'),
(184, 29, 'img/product/sm/5819a0ebNefd901bc.jpg', 'img/product/md/5819a0ebNefd901bc.jpg', 'img/product/lg/5819a0ebNefd901bc.jpg'),
(185, 29, 'img/product/sm/5819a106Necf0abb8.jpg', 'img/product/md/5819a106Necf0abb8.jpg', 'img/product/lg/5819a106Necf0abb8.jpg'),
(186, 29, 'img/product/sm/5819a10bN2ea5c8e0.jpg', 'img/product/md/5819a10bN2ea5c8e0.jpg', 'img/product/lg/5819a10bN2ea5c8e0.jpg'),
(187, 29, 'img/product/sm/5819a10fNd0f96a03.jpg', 'img/product/md/5819a10fNd0f96a03.jpg', 'img/product/lg/5819a10fNd0f96a03.jpg'),
(188, 29, 'img/product/sm/5819a114Ne0cd75db.jpg', 'img/product/md/5819a114Ne0cd75db.jpg', 'img/product/lg/5819a114Ne0cd75db.jpg'),
(189, 29, 'img/product/sm/5819a133N03021b26.jpg', 'img/product/md/5819a133N03021b26.jpg', 'img/product/lg/5819a133N03021b26.jpg'),
(190, 30, 'img/product/sm/584b5678Nbc9f1e70.jpg', 'img/product/md/584b5678Nbc9f1e70.jpg', 'img/product/lg/584b5678Nbc9f1e70.jpg'),
(191, 30, 'img/product/sm/584b567dNd9c58341.jpg', 'img/product/md/584b567dNd9c58341.jpg', 'img/product/lg/584b567dNd9c58341.jpg'),
(192, 30, 'img/product/sm/5819a0ebNefd901bc.jpg', 'img/product/md/5819a0ebNefd901bc.jpg', 'img/product/lg/5819a0ebNefd901bc.jpg'),
(193, 30, 'img/product/sm/5819a106Necf0abb8.jpg', 'img/product/md/5819a106Necf0abb8.jpg', 'img/product/lg/5819a106Necf0abb8.jpg'),
(194, 30, 'img/product/sm/5819a10bN2ea5c8e0.jpg', 'img/product/md/5819a10bN2ea5c8e0.jpg', 'img/product/lg/5819a10bN2ea5c8e0.jpg'),
(195, 30, 'img/product/sm/5819a10fNd0f96a03.jpg', 'img/product/md/5819a10fNd0f96a03.jpg', 'img/product/lg/5819a10fNd0f96a03.jpg'),
(196, 30, 'img/product/sm/5819a114Ne0cd75db.jpg', 'img/product/md/5819a114Ne0cd75db.jpg', 'img/product/lg/5819a114Ne0cd75db.jpg'),
(197, 30, 'img/product/sm/5819a133N03021b26.jpg', 'img/product/md/5819a133N03021b26.jpg', 'img/product/lg/5819a133N03021b26.jpg'),
(198, 31, 'img/product/sm/584b5678Nbc9f1e70.jpg', 'img/product/md/584b5678Nbc9f1e70.jpg', 'img/product/lg/584b5678Nbc9f1e70.jpg'),
(199, 31, 'img/product/sm/584b567dNd9c58341.jpg', 'img/product/md/584b567dNd9c58341.jpg', 'img/product/lg/584b567dNd9c58341.jpg'),
(200, 31, 'img/product/sm/5819a0ebNefd901bc.jpg', 'img/product/md/5819a0ebNefd901bc.jpg', 'img/product/lg/5819a0ebNefd901bc.jpg'),
(201, 31, 'img/product/sm/5819a106Necf0abb8.jpg', 'img/product/md/5819a106Necf0abb8.jpg', 'img/product/lg/5819a106Necf0abb8.jpg'),
(202, 31, 'img/product/sm/5819a10bN2ea5c8e0.jpg', 'img/product/md/5819a10bN2ea5c8e0.jpg', 'img/product/lg/5819a10bN2ea5c8e0.jpg'),
(203, 31, 'img/product/sm/5819a10fNd0f96a03.jpg', 'img/product/md/5819a10fNd0f96a03.jpg', 'img/product/lg/5819a10fNd0f96a03.jpg'),
(204, 31, 'img/product/sm/5819a114Ne0cd75db.jpg', 'img/product/md/5819a114Ne0cd75db.jpg', 'img/product/lg/5819a114Ne0cd75db.jpg'),
(205, 31, 'img/product/sm/5819a133N03021b26.jpg', 'img/product/md/5819a133N03021b26.jpg', 'img/product/lg/5819a133N03021b26.jpg'),
(206, 32, 'img/product/sm/584b5678Nbc9f1e70.jpg', 'img/product/md/584b5678Nbc9f1e70.jpg', 'img/product/lg/584b5678Nbc9f1e70.jpg'),
(207, 32, 'img/product/sm/584b567dNd9c58341.jpg', 'img/product/md/584b567dNd9c58341.jpg', 'img/product/lg/584b567dNd9c58341.jpg'),
(208, 32, 'img/product/sm/5819a0ebNefd901bc.jpg', 'img/product/md/5819a0ebNefd901bc.jpg', 'img/product/lg/5819a0ebNefd901bc.jpg'),
(209, 32, 'img/product/sm/5819a106Necf0abb8.jpg', 'img/product/md/5819a106Necf0abb8.jpg', 'img/product/lg/5819a106Necf0abb8.jpg'),
(210, 32, 'img/product/sm/5819a10bN2ea5c8e0.jpg', 'img/product/md/5819a10bN2ea5c8e0.jpg', 'img/product/lg/5819a10bN2ea5c8e0.jpg'),
(211, 32, 'img/product/sm/5819a10fNd0f96a03.jpg', 'img/product/md/5819a10fNd0f96a03.jpg', 'img/product/lg/5819a10fNd0f96a03.jpg'),
(212, 32, 'img/product/sm/5819a114Ne0cd75db.jpg', 'img/product/md/5819a114Ne0cd75db.jpg', 'img/product/lg/5819a114Ne0cd75db.jpg'),
(213, 32, 'img/product/sm/5819a133N03021b26.jpg', 'img/product/md/5819a133N03021b26.jpg', 'img/product/lg/5819a133N03021b26.jpg'),
(214, 33, 'img/product/sm/58985861N615a3581.jpg', 'img/product/md/58985861N615a3581.jpg', 'img/product/lg/58985861N615a3581.jpg'),
(215, 33, 'img/product/sm/58985867Nf8909d49.jpg', 'img/product/md/58985867Nf8909d49.jpg', 'img/product/lg/58985867Nf8909d49.jpg'),
(216, 33, 'img/product/sm/5898586cNe235284b.jpg', 'img/product/md/5898586cNe235284b.jpg', 'img/product/lg/5898586cNe235284b.jpg'),
(217, 33, 'img/product/sm/58985881N0a78dea2.jpg', 'img/product/md/58985881N0a78dea2.jpg', 'img/product/lg/58985881N0a78dea2.jpg'),
(218, 33, 'img/product/sm/58985883Nd4aec745.jpg', 'img/product/md/58985883Nd4aec745.jpg', 'img/product/lg/58985883Nd4aec745.jpg'),
(219, 33, 'img/product/sm/5836b979N85c3852b.jpg', 'img/product/md/5836b979N85c3852b.jpg', 'img/product/lg/5836b979N85c3852b.jpg'),
(220, 33, 'img/product/sm/5836b981Nd60fd02a.jpg', 'img/product/md/5836b981Nd60fd02a.jpg', 'img/product/lg/5836b981Nd60fd02a.jpg'),
(221, 34, 'img/product/sm/58985861N615a3581.jpg', 'img/product/md/58985861N615a3581.jpg', 'img/product/lg/58985861N615a3581.jpg'),
(222, 34, 'img/product/sm/58985867Nf8909d49.jpg', 'img/product/md/58985867Nf8909d49.jpg', 'img/product/lg/58985867Nf8909d49.jpg'),
(223, 34, 'img/product/sm/5898586cNe235284b.jpg', 'img/product/md/5898586cNe235284b.jpg', 'img/product/lg/5898586cNe235284b.jpg'),
(224, 34, 'img/product/sm/58985881N0a78dea2.jpg', 'img/product/md/58985881N0a78dea2.jpg', 'img/product/lg/58985881N0a78dea2.jpg'),
(225, 34, 'img/product/sm/58985883Nd4aec745.jpg', 'img/product/md/58985883Nd4aec745.jpg', 'img/product/lg/58985883Nd4aec745.jpg'),
(226, 34, 'img/product/sm/5836b979N85c3852b.jpg', 'img/product/md/5836b979N85c3852b.jpg', 'img/product/lg/5836b979N85c3852b.jpg'),
(227, 34, 'img/product/sm/5836b981Nd60fd02a.jpg', 'img/product/md/5836b981Nd60fd02a.jpg', 'img/product/lg/5836b981Nd60fd02a.jpg'),
(228, 35, 'img/product/sm/58985861N615a3581.jpg', 'img/product/md/58985861N615a3581.jpg', 'img/product/lg/58985861N615a3581.jpg'),
(229, 35, 'img/product/sm/58985867Nf8909d49.jpg', 'img/product/md/58985867Nf8909d49.jpg', 'img/product/lg/58985867Nf8909d49.jpg'),
(230, 35, 'img/product/sm/5898586cNe235284b.jpg', 'img/product/md/5898586cNe235284b.jpg', 'img/product/lg/5898586cNe235284b.jpg'),
(231, 35, 'img/product/sm/58985881N0a78dea2.jpg', 'img/product/md/58985881N0a78dea2.jpg', 'img/product/lg/58985881N0a78dea2.jpg'),
(232, 35, 'img/product/sm/58985883Nd4aec745.jpg', 'img/product/md/58985883Nd4aec745.jpg', 'img/product/lg/58985883Nd4aec745.jpg'),
(233, 35, 'img/product/sm/5836b979N85c3852b.jpg', 'img/product/md/5836b979N85c3852b.jpg', 'img/product/lg/5836b979N85c3852b.jpg'),
(234, 35, 'img/product/sm/5836b981Nd60fd02a.jpg', 'img/product/md/5836b981Nd60fd02a.jpg', 'img/product/lg/5836b981Nd60fd02a.jpg'),
(235, 36, 'img/product/sm/58985861N615a3581.jpg', 'img/product/md/58985861N615a3581.jpg', 'img/product/lg/58985861N615a3581.jpg'),
(236, 36, 'img/product/sm/58985867Nf8909d49.jpg', 'img/product/md/58985867Nf8909d49.jpg', 'img/product/lg/58985867Nf8909d49.jpg'),
(237, 36, 'img/product/sm/5898586cNe235284b.jpg', 'img/product/md/5898586cNe235284b.jpg', 'img/product/lg/5898586cNe235284b.jpg'),
(238, 36, 'img/product/sm/58985881N0a78dea2.jpg', 'img/product/md/58985881N0a78dea2.jpg', 'img/product/lg/58985881N0a78dea2.jpg'),
(239, 36, 'img/product/sm/58985883Nd4aec745.jpg', 'img/product/md/58985883Nd4aec745.jpg', 'img/product/lg/58985883Nd4aec745.jpg'),
(240, 36, 'img/product/sm/5836b979N85c3852b.jpg', 'img/product/md/5836b979N85c3852b.jpg', 'img/product/lg/5836b979N85c3852b.jpg'),
(241, 36, 'img/product/sm/5836b981Nd60fd02a.jpg', 'img/product/md/5836b981Nd60fd02a.jpg', 'img/product/lg/5836b981Nd60fd02a.jpg'),
(242, 37, 'img/product/sm/58985861N615a3581.jpg', 'img/product/md/58985861N615a3581.jpg', 'img/product/lg/58985861N615a3581.jpg'),
(243, 37, 'img/product/sm/58985867Nf8909d49.jpg', 'img/product/md/58985867Nf8909d49.jpg', 'img/product/lg/58985867Nf8909d49.jpg'),
(244, 37, 'img/product/sm/5898586cNe235284b.jpg', 'img/product/md/5898586cNe235284b.jpg', 'img/product/lg/5898586cNe235284b.jpg'),
(245, 37, 'img/product/sm/58985881N0a78dea2.jpg', 'img/product/md/58985881N0a78dea2.jpg', 'img/product/lg/58985881N0a78dea2.jpg'),
(246, 37, 'img/product/sm/58985883Nd4aec745.jpg', 'img/product/md/58985883Nd4aec745.jpg', 'img/product/lg/58985883Nd4aec745.jpg'),
(247, 37, 'img/product/sm/5836b979N85c3852b.jpg', 'img/product/md/5836b979N85c3852b.jpg', 'img/product/lg/5836b979N85c3852b.jpg'),
(248, 37, 'img/product/sm/5836b981Nd60fd02a.jpg', 'img/product/md/5836b981Nd60fd02a.jpg', 'img/product/lg/5836b981Nd60fd02a.jpg'),
(249, 38, 'img/product/sm/58a2c667Ne2b5cb73.jpg', 'img/product/md/58a2c667Ne2b5cb73.jpg', 'img/product/lg/58a2c667Ne2b5cb73.jpg'),
(250, 38, 'img/product/sm/58a2c668N800be261.jpg', 'img/product/md/58a2c668N800be261.jpg', 'img/product/lg/58a2c668N800be261.jpg'),
(251, 38, 'img/product/sm/58a2c668N0159a26f.jpg', 'img/product/md/58a2c668N0159a26f.jpg', 'img/product/lg/58a2c668N0159a26f.jpg'),
(252, 38, 'img/product/sm/58a2c669Nf884ac31.jpg', 'img/product/md/58a2c669Nf884ac31.jpg', 'img/product/lg/58a2c669Nf884ac31.jpg'),
(253, 38, 'img/product/sm/58a2c668N7293a0d1.jpg', 'img/product/md/58a2c668N7293a0d1.jpg', 'img/product/lg/58a2c668N7293a0d1.jpg'),
(254, 38, 'img/product/sm/58a2c669N4f92f8cb.jpg', 'img/product/md/58a2c669N4f92f8cb.jpg', 'img/product/lg/58a2c669N4f92f8cb.jpg'),
(255, 38, 'img/product/sm/58a2c668N0be41fb0.jpg', 'img/product/md/58a2c668N0be41fb0.jpg', 'img/product/lg/58a2c668N0be41fb0.jpg'),
(256, 38, 'img/product/sm/58a2c66aNcd10ee32.jpg', 'img/product/md/58a2c66aNcd10ee32.jpg', 'img/product/lg/58a2c66aNcd10ee32.jpg'),
(257, 39, 'img/product/sm/58a2c667Ne2b5cb73.jpg', 'img/product/md/58a2c667Ne2b5cb73.jpg', 'img/product/lg/58a2c667Ne2b5cb73.jpg'),
(258, 39, 'img/product/sm/58a2c668N800be261.jpg', 'img/product/md/58a2c668N800be261.jpg', 'img/product/lg/58a2c668N800be261.jpg'),
(259, 39, 'img/product/sm/58a2c668N0159a26f.jpg', 'img/product/md/58a2c668N0159a26f.jpg', 'img/product/lg/58a2c668N0159a26f.jpg'),
(260, 39, 'img/product/sm/58a2c669Nf884ac31.jpg', 'img/product/md/58a2c669Nf884ac31.jpg', 'img/product/lg/58a2c669Nf884ac31.jpg'),
(261, 39, 'img/product/sm/58a2c668N7293a0d1.jpg', 'img/product/md/58a2c668N7293a0d1.jpg', 'img/product/lg/58a2c668N7293a0d1.jpg'),
(262, 39, 'img/product/sm/58a2c669N4f92f8cb.jpg', 'img/product/md/58a2c669N4f92f8cb.jpg', 'img/product/lg/58a2c669N4f92f8cb.jpg'),
(263, 39, 'img/product/sm/58a2c668N0be41fb0.jpg', 'img/product/md/58a2c668N0be41fb0.jpg', 'img/product/lg/58a2c668N0be41fb0.jpg'),
(264, 39, 'img/product/sm/58a2c66aNcd10ee32.jpg', 'img/product/md/58a2c66aNcd10ee32.jpg', 'img/product/lg/58a2c66aNcd10ee32.jpg'),
(265, 40, 'img/product/sm/58a2c667Ne2b5cb73.jpg', 'img/product/md/58a2c667Ne2b5cb73.jpg', 'img/product/lg/58a2c667Ne2b5cb73.jpg'),
(266, 40, 'img/product/sm/58a2c668N800be261.jpg', 'img/product/md/58a2c668N800be261.jpg', 'img/product/lg/58a2c668N800be261.jpg'),
(267, 40, 'img/product/sm/58a2c668N0159a26f.jpg', 'img/product/md/58a2c668N0159a26f.jpg', 'img/product/lg/58a2c668N0159a26f.jpg'),
(268, 40, 'img/product/sm/58a2c669Nf884ac31.jpg', 'img/product/md/58a2c669Nf884ac31.jpg', 'img/product/lg/58a2c669Nf884ac31.jpg'),
(269, 40, 'img/product/sm/58a2c668N7293a0d1.jpg', 'img/product/md/58a2c668N7293a0d1.jpg', 'img/product/lg/58a2c668N7293a0d1.jpg'),
(270, 40, 'img/product/sm/58a2c669N4f92f8cb.jpg', 'img/product/md/58a2c669N4f92f8cb.jpg', 'img/product/lg/58a2c669N4f92f8cb.jpg'),
(271, 40, 'img/product/sm/58a2c668N0be41fb0.jpg', 'img/product/md/58a2c668N0be41fb0.jpg', 'img/product/lg/58a2c668N0be41fb0.jpg'),
(272, 40, 'img/product/sm/58a2c66aNcd10ee32.jpg', 'img/product/md/58a2c66aNcd10ee32.jpg', 'img/product/lg/58a2c66aNcd10ee32.jpg'),
(273, 41, 'img/product/sm/58a2c667Ne2b5cb73.jpg', 'img/product/md/58a2c667Ne2b5cb73.jpg', 'img/product/lg/58a2c667Ne2b5cb73.jpg'),
(274, 41, 'img/product/sm/58a2c668N800be261.jpg', 'img/product/md/58a2c668N800be261.jpg', 'img/product/lg/58a2c668N800be261.jpg'),
(275, 41, 'img/product/sm/58a2c668N0159a26f.jpg', 'img/product/md/58a2c668N0159a26f.jpg', 'img/product/lg/58a2c668N0159a26f.jpg'),
(276, 41, 'img/product/sm/58a2c669Nf884ac31.jpg', 'img/product/md/58a2c669Nf884ac31.jpg', 'img/product/lg/58a2c669Nf884ac31.jpg'),
(277, 41, 'img/product/sm/58a2c668N7293a0d1.jpg', 'img/product/md/58a2c668N7293a0d1.jpg', 'img/product/lg/58a2c668N7293a0d1.jpg'),
(278, 41, 'img/product/sm/58a2c669N4f92f8cb.jpg', 'img/product/md/58a2c669N4f92f8cb.jpg', 'img/product/lg/58a2c669N4f92f8cb.jpg'),
(279, 41, 'img/product/sm/58a2c668N0be41fb0.jpg', 'img/product/md/58a2c668N0be41fb0.jpg', 'img/product/lg/58a2c668N0be41fb0.jpg'),
(280, 41, 'img/product/sm/58a2c66aNcd10ee32.jpg', 'img/product/md/58a2c66aNcd10ee32.jpg', 'img/product/lg/58a2c66aNcd10ee32.jpg'),
(281, 42, 'img/product/sm/58a2c667Ne2b5cb73.jpg', 'img/product/md/58a2c667Ne2b5cb73.jpg', 'img/product/lg/58a2c667Ne2b5cb73.jpg'),
(282, 42, 'img/product/sm/58a2c668N800be261.jpg', 'img/product/md/58a2c668N800be261.jpg', 'img/product/lg/58a2c668N800be261.jpg'),
(283, 42, 'img/product/sm/58a2c668N0159a26f.jpg', 'img/product/md/58a2c668N0159a26f.jpg', 'img/product/lg/58a2c668N0159a26f.jpg'),
(284, 42, 'img/product/sm/58a2c669Nf884ac31.jpg', 'img/product/md/58a2c669Nf884ac31.jpg', 'img/product/lg/58a2c669Nf884ac31.jpg'),
(285, 42, 'img/product/sm/58a2c668N7293a0d1.jpg', 'img/product/md/58a2c668N7293a0d1.jpg', 'img/product/lg/58a2c668N7293a0d1.jpg'),
(286, 42, 'img/product/sm/58a2c669N4f92f8cb.jpg', 'img/product/md/58a2c669N4f92f8cb.jpg', 'img/product/lg/58a2c669N4f92f8cb.jpg'),
(287, 42, 'img/product/sm/58a2c668N0be41fb0.jpg', 'img/product/md/58a2c668N0be41fb0.jpg', 'img/product/lg/58a2c668N0be41fb0.jpg'),
(288, 42, 'img/product/sm/58a2c66aNcd10ee32.jpg', 'img/product/md/58a2c66aNcd10ee32.jpg', 'img/product/lg/58a2c66aNcd10ee32.jpg'),
(289, 43, 'img/product/sm/58a2c667Ne2b5cb73.jpg', 'img/product/md/58a2c667Ne2b5cb73.jpg', 'img/product/lg/58a2c667Ne2b5cb73.jpg'),
(290, 43, 'img/product/sm/58a2c668N800be261.jpg', 'img/product/md/58a2c668N800be261.jpg', 'img/product/lg/58a2c668N800be261.jpg'),
(291, 43, 'img/product/sm/58a2c668N0159a26f.jpg', 'img/product/md/58a2c668N0159a26f.jpg', 'img/product/lg/58a2c668N0159a26f.jpg'),
(292, 43, 'img/product/sm/58a2c669Nf884ac31.jpg', 'img/product/md/58a2c669Nf884ac31.jpg', 'img/product/lg/58a2c669Nf884ac31.jpg'),
(293, 43, 'img/product/sm/58a2c668N7293a0d1.jpg', 'img/product/md/58a2c668N7293a0d1.jpg', 'img/product/lg/58a2c668N7293a0d1.jpg'),
(294, 43, 'img/product/sm/58a2c669N4f92f8cb.jpg', 'img/product/md/58a2c669N4f92f8cb.jpg', 'img/product/lg/58a2c669N4f92f8cb.jpg'),
(295, 43, 'img/product/sm/58a2c668N0be41fb0.jpg', 'img/product/md/58a2c668N0be41fb0.jpg', 'img/product/lg/58a2c668N0be41fb0.jpg'),
(296, 43, 'img/product/sm/58a2c66aNcd10ee32.jpg', 'img/product/md/58a2c66aNcd10ee32.jpg', 'img/product/lg/58a2c66aNcd10ee32.jpg');

-- --------------------------------------------------------

--
-- 表的结构 `xz_order`
--

DROP TABLE IF EXISTS `xz_order`;
CREATE TABLE `xz_order` (
  `aid` int(11) NOT NULL,
  `user_id` int(11) DEFAULT NULL,
  `address_id` int(11) DEFAULT NULL,
  `status` int(11) DEFAULT NULL,
  `order_time` bigint(20) DEFAULT NULL,
  `pay_time` bigint(20) DEFAULT NULL,
  `deliver_time` bigint(20) DEFAULT NULL,
  `received_time` bigint(20) DEFAULT NULL
) ENGINE=InnoDB DEFAULT CHARSET=utf8;

--
-- 插入之前先把表清空（truncate） `xz_order`
--

TRUNCATE TABLE `xz_order`;
-- --------------------------------------------------------

--
-- 表的结构 `xz_order_detail`
--

DROP TABLE IF EXISTS `xz_order_detail`;
CREATE TABLE `xz_order_detail` (
  `did` int(11) NOT NULL,
  `order_id` int(11) DEFAULT NULL,
  `product_id` int(11) DEFAULT NULL,
  `count` int(11) DEFAULT NULL
) ENGINE=InnoDB DEFAULT CHARSET=utf8;

--
-- 插入之前先把表清空（truncate） `xz_order_detail`
--

TRUNCATE TABLE `xz_order_detail`;
-- --------------------------------------------------------

--
-- 表的结构 `xz_receiver_address`
--

DROP TABLE IF EXISTS `xz_receiver_address`;
CREATE TABLE `xz_receiver_address` (
  `aid` int(11) NOT NULL,
  `user_id` int(11) DEFAULT NULL,
  `receiver` varchar(16) DEFAULT NULL,
  `province` varchar(16) DEFAULT NULL,
  `city` varchar(16) DEFAULT NULL,
  `county` varchar(16) DEFAULT NULL,
  `address` varchar(128) DEFAULT NULL,
  `cellphone` varchar(16) DEFAULT NULL,
  `fixedphone` varchar(16) DEFAULT NULL,
  `postcode` char(6) DEFAULT NULL,
  `tag` varchar(16) DEFAULT NULL,
  `is_default` tinyint(1) DEFAULT NULL
) ENGINE=InnoDB DEFAULT CHARSET=utf8;

--
-- 插入之前先把表清空（truncate） `xz_receiver_address`
--

TRUNCATE TABLE `xz_receiver_address`;
-- --------------------------------------------------------

--
-- 表的结构 `xz_shoppingcart_item`
--

DROP TABLE IF EXISTS `xz_shoppingcart_item`;
CREATE TABLE `xz_shoppingcart_item` (
  `iid` int(11) NOT NULL,
  `user_id` int(11) DEFAULT NULL,
  `product_id` int(11) DEFAULT NULL,
  `count` int(11) DEFAULT NULL,
  `is_checked` tinyint(1) DEFAULT NULL
) ENGINE=InnoDB DEFAULT CHARSET=utf8;

--
-- 插入之前先把表清空（truncate） `xz_shoppingcart_item`
--

TRUNCATE TABLE `xz_shoppingcart_item`;
-- --------------------------------------------------------

--
-- 表的结构 `xz_user`
--

DROP TABLE IF EXISTS `weiduomei_user`;
CREATE TABLE `weiduomei_user` (
  `uid` int(11) NOT NULL,
  `username` varchar(32) DEFAULT NULL,
  `upwd` varchar(32) DEFAULT NULL,
  `email` varchar(64) DEFAULT NULL,
  `phone` varchar(16) DEFAULT NULL,
  `avatar` varchar(128) DEFAULT NULL,
  `user_name` varchar(32) DEFAULT NULL,
  `gender` int(11) DEFAULT NULL
) ENGINE=InnoDB DEFAULT CHARSET=utf8;

--
-- 插入之前先把表清空（truncate） `xz_user`
--

TRUNCATE TABLE `xz_user`;
--
-- 转存表中的数据 `xz_user`
--

INSERT INTO `xz_user` (`uid`, `uname`, `upwd`, `email`, `phone`, `avatar`, `user_name`, `gender`) VALUES
(1, 'dingding', '123456', 'ding@qq.com', '13501234567', 'img/avatar/default.png', '丁伟', 1),
(2, 'dangdang', '123456', 'dang@qq.com', '13501234568', 'img/avatar/default.png', '林当', 1),
(3, 'doudou', '123456', 'dou@qq.com', '13501234569', 'img/avatar/default.png', '窦志强', 1),
(4, 'yaya', '123456', 'ya@qq.com', '13501234560', 'img/avatar/default.png', '秦小雅', 0);

--
-- Indexes for dumped tables
--

--
-- Indexes for table `xz_index_carousel`
--
ALTER TABLE `xz_index_carousel`
  ADD PRIMARY KEY (`cid`);

--
-- Indexes for table `xz_index_product`
--
ALTER TABLE `xz_index_product`
  ADD PRIMARY KEY (`pid`);

--
-- Indexes for table `xz_laptop`
--
ALTER TABLE `xz_laptop`
  ADD PRIMARY KEY (`lid`);

--
-- Indexes for table `xz_laptop_family`
--
ALTER TABLE `xz_laptop_family`
  ADD PRIMARY KEY (`fid`);

--
-- Indexes for table `xz_laptop_pic`
--
ALTER TABLE `xz_laptop_pic`
  ADD PRIMARY KEY (`pid`);

--
-- Indexes for table `xz_order`
--
ALTER TABLE `xz_order`
  ADD PRIMARY KEY (`aid`);

--
-- Indexes for table `xz_order_detail`
--
ALTER TABLE `xz_order_detail`
  ADD PRIMARY KEY (`did`);

--
-- Indexes for table `xz_receiver_address`
--
ALTER TABLE `xz_receiver_address`
  ADD PRIMARY KEY (`aid`);

--
-- Indexes for table `xz_shoppingcart_item`
--
ALTER TABLE `xz_shoppingcart_item`
  ADD PRIMARY KEY (`iid`);

--
-- Indexes for table `xz_user`
--
ALTER TABLE `xz_user`
  ADD PRIMARY KEY (`uid`);

--
-- 在导出的表使用AUTO_INCREMENT
--

--
-- 使用表AUTO_INCREMENT `xz_index_carousel`
--
ALTER TABLE `xz_index_carousel`
  MODIFY `cid` int(11) NOT NULL AUTO_INCREMENT, AUTO_INCREMENT=5;

--
-- 使用表AUTO_INCREMENT `xz_index_product`
--
ALTER TABLE `xz_index_product`
  MODIFY `pid` int(11) NOT NULL AUTO_INCREMENT, AUTO_INCREMENT=8;

--
-- 使用表AUTO_INCREMENT `xz_laptop`
--
ALTER TABLE `xz_laptop`
  MODIFY `lid` int(11) NOT NULL AUTO_INCREMENT, AUTO_INCREMENT=44;

--
-- 使用表AUTO_INCREMENT `xz_laptop_family`
--
ALTER TABLE `xz_laptop_family`
  MODIFY `fid` int(11) NOT NULL AUTO_INCREMENT, AUTO_INCREMENT=11;

--
-- 使用表AUTO_INCREMENT `xz_laptop_pic`
--
ALTER TABLE `xz_laptop_pic`
  MODIFY `pid` int(11) NOT NULL AUTO_INCREMENT, AUTO_INCREMENT=297;

--
-- 使用表AUTO_INCREMENT `xz_order`
--
ALTER TABLE `xz_order`
  MODIFY `aid` int(11) NOT NULL AUTO_INCREMENT;

--
-- 使用表AUTO_INCREMENT `xz_order_detail`
--
ALTER TABLE `xz_order_detail`
  MODIFY `did` int(11) NOT NULL AUTO_INCREMENT;

--
-- 使用表AUTO_INCREMENT `xz_receiver_address`
--
ALTER TABLE `xz_receiver_address`
  MODIFY `aid` int(11) NOT NULL AUTO_INCREMENT;

--
-- 使用表AUTO_INCREMENT `xz_shoppingcart_item`
--
ALTER TABLE `xz_shoppingcart_item`
  MODIFY `iid` int(11) NOT NULL AUTO_INCREMENT;

--
-- 使用表AUTO_INCREMENT `xz_user`
--
ALTER TABLE `xz_user`
  MODIFY `uid` int(11) NOT NULL AUTO_INCREMENT, AUTO_INCREMENT=5;
COMMIT;

/*!40101 SET CHARACTER_SET_CLIENT=@OLD_CHARACTER_SET_CLIENT */;
/*!40101 SET CHARACTER_SET_RESULTS=@OLD_CHARACTER_SET_RESULTS */;
/*!40101 SET COLLATION_CONNECTION=@OLD_COLLATION_CONNECTION */;
